sku,name,original_url,local_filename
MPB-10/25mm,10 Teeth Per Inch Perforation Blade - GUK 25mm (199) Stahl 25mm (624) CreaseStream 25mm (321),https://www.technifold.com/wp-content/uploads/Perf-Blade-10tpi-65.png,MPB-10-25mm.png
MPB-12,12 Teeth Per Inch Perforation blade - Agor 36mm (811) H&H 35mm (999) MBO 35mm (566) MBO 40mm (503) Multigraf 36mm (409) Stahl 35mm (317),https://www.technifold.com/wp-content/uploads/Perf-Blade-12tpi-65.png,MPB-12.png
MPB-12/BF/22mm,12 Teeth Per Inch Perforation Blade - Baumfolder 22mm (359),https://www.technifold.com/wp-content/uploads/Perf-Blade-12tpi-65.png,MPB-12-BF-22mm.png
MPB-12/25mm,12 Teeth Per Inch Perforation Blade - GUK 25mm (199) Stahl 25mm (624),https://www.technifold.com/wp-content/uploads/Perf-Blade-12tpi-65.png,MPB-12-25mm.png
MPB-12GUK,12 Teeth Per Inch Perforation Blade - GUK 35mm (550),https://www.technifold.com/wp-content/uploads/Perf-Blade-12tpi-65.png,MPB-12GUK.png
MPB-12/30MM,12 Teeth Per Inch Perforation Blade - Horizon 30mm (834)  MBO 30mm (790),https://www.technifold.com/wp-content/uploads/Perf-Blade-12tpi-65.png,MPB-12-30MM.png
MPB-17,17 Teeth Per Inch Perforation blade - Agor 36mm (811) H&H 35mm (999) MBO 35mm (566) MBO 40mm (503) Multigraf 36mm (409) Stahl 35mm (317),https://www.technifold.com/wp-content/uploads/Perf-Blade-17tpi-65.png,MPB-17.png
MPB-17/BF-28mm,17 Teeth Per Inch Perforation Blade - Baum 28mm (946),https://www.technifold.com/wp-content/uploads/Perf-Blade-17tpi-65.png,MPB-17-BF-28mm.png
MPB-17/BF/22mm,17 Teeth Per Inch Perforation Blade - Baumfolder 22mm (359),https://www.technifold.com/wp-content/uploads/Perf-Blade-17tpi-65.png,MPB-17-BF-22mm.png
MPB-MB-17,17 Teeth Per Inch Perforation Blade - GUK 20mm (620) MB 20mm (292) Stahl 20mm (435),https://www.technifold.com/wp-content/uploads/Perf-Blade-17tpi-65.png,MPB-MB-17.png
MPB-17/25mm,17 Teeth Per Inch Perforation Blade - GUK 25mm (199) Stahl 25mm (624),https://www.technifold.com/wp-content/uploads/Perf-Blade-17tpi-65.png,MPB-17-25mm.png
MPB-17GUK,17 Teeth Per Inch Perforation Blade - GUK 35mm (550),https://www.technifold.com/wp-content/uploads/Perf-Blade-17tpi-65.png,MPB-17GUK.png
MPB-17-HH/30mm,17 Teeth Per Inch Perforation Blade - H&H 30mm (708),https://www.technifold.com/wp-content/uploads/Perf-Blade-17tpi-65.png,MPB-17-HH-30mm.png
MPB-17/30MM,17 Teeth Per Inch Perforation Blade - Horizon 30mm (834)  MBO 30mm (790),https://www.technifold.com/wp-content/uploads/Perf-Blade-17tpi-65.png,MPB-17-30MM.png
MPB-17/RO,17 Teeth Per Inch Perforation Blade - Rollem 25mm (871),https://www.technifold.com/wp-content/uploads/Perf-Blade-17tpi-65.png,MPB-17-RO.png
MPB-ROS-BA-17mm,17 Teeth Per Inch Perforation Blade - Rosback 25mm (497),https://www.technifold.com/wp-content/uploads/Perf-Blade-17tpi-65.png,MPB-ROS-BA-17mm.png
MPB-25,25 Teeth Per Inch Perforation blade - Agor 36mm (811) H&H 35mm (999) MBO 35mm (566) MBO 40mm (503) Multigraf 36mm (409) Stahl 35mm (317),https://www.technifold.com/wp-content/uploads/Perf-Blade-25tpi-65.png,MPB-25.png
MPB-25/BF/28mm,25 Teeth Per Inch Perforation Blade - Baum 28mm (946),https://www.technifold.com/wp-content/uploads/Perf-Blade-25tpi-65.png,MPB-25-BF-28mm.png
MPB-MB-25,25 Teeth Per Inch Perforation Blade - GUK 20mm (620) MB 20mm (292) Stahl 20mm (435),https://www.technifold.com/wp-content/uploads/Perf-Blade-25tpi-65.png,MPB-MB-25.png
MPB-25/25mm,25 Teeth Per Inch Perforation Blade - GUK 25mm (199) Stahl 25mm (624),https://www.technifold.com/wp-content/uploads/Perf-Blade-25tpi-65.png,MPB-25-25mm.png
MPB-25GUK,25 Teeth Per Inch Perforation Blade - GUK 35mm (550),https://www.technifold.com/wp-content/uploads/Perf-Blade-25tpi-65.png,MPB-25GUK.png
MPB-25-HH/30mm,25 Teeth Per Inch Perforation Blade - H&H 30mm (708),https://www.technifold.com/wp-content/uploads/Perf-Blade-25tpi-65.png,MPB-25-HH-30mm.png
MPB-25/30MM,25 Teeth Per Inch Perforation Blade - Horizon 30mm (834) MBO 30mm (790),https://www.technifold.com/wp-content/uploads/Perf-Blade-25tpi-65.png,MPB-25-30MM.png
MPB-25/MO,25 Teeth Per Inch Perforation Blade - Morgana 15mm (972) Shoei 15mm (717),https://www.technifold.com/wp-content/uploads/0156.jpg,MPB-25-MO.jpg
MPB-25/RO,25 Teeth Per Inch Perforation Blade - Rollem 25mm (871),https://www.technifold.com/wp-content/uploads/Perf-Blade-25tpi-65.png,MPB-25-RO.png
MPB-ROS-BA-25mm,25 Teeth Per Inch Perforation Blade - Rosback 25mm (497),https://www.technifold.com/wp-content/uploads/Perf-Blade-25tpi-65.png,MPB-ROS-BA-25mm.png
MPB-25/BF/22mm,25 Teeth Per Inch Perforation Blade- Baumfolder 22mm (359),https://www.technifold.com/wp-content/uploads/Perf-Blade-25tpi-65.png,MPB-25-BF-22mm.png
TWS-ID/AGOR-3,3mm Waste Stripper - Agor 36mm (811),https://www.technifold.com/wp-content/uploads/waste-strippers.jpg,TWS-ID-AGOR-3.jpg
TWS-ID/MB-3,3mm Waste Stripper - GUK 20mm (620) MB 20mm (292) Stahl 20mm (435),https://www.technifold.com/wp-content/uploads/waste-strippers.jpg,TWS-ID-MB-3.jpg
TWS-ID/25-3,3mm Waste Stripper - GUK 25mm (199) Stahl 25mm (624),https://www.technifold.com/wp-content/uploads/waste-strippers.jpg,TWS-ID-25-3.jpg
TWS-ID/GUK-35-3,3mm Waste Stripper - GUK 35mm (550),https://www.technifold.com/wp-content/uploads/waste-strippers.jpg,TWS-ID-GUK-35-3.jpg
TWS-ID/HH30-3,3mm Waste Stripper - H&H 30mm (708),https://www.technifold.com/wp-content/uploads/waste-strippers.jpg,TWS-ID-HH30-3.jpg
TWS-ID/35-3,3mm Waste Stripper - H&H 35mm (999) MBO 35mm (566) Stahl 35mm (317),https://www.technifold.com/wp-content/uploads/waste-strippers.jpg,TWS-ID-35-3.jpg
TWS-ID/40-3,3mm Waste Stripper - H&H 40mm (622),https://www.technifold.com/wp-content/uploads/waste-strippers.jpg,TWS-ID-40-3.jpg
TWS-ID/HO20-3,3mm Waste Stripper - Horizon 20mm (703),https://www.technifold.com/wp-content/uploads/waste-strippers.jpg,TWS-ID-HO20-3.jpg
TWS-ID/Horizon-30.3,3mm Waste Stripper - Horizon 30mm (834),https://www.technifold.com/wp-content/uploads/waste-strippers.jpg,TWS-ID-Horizon-30.3.jpg
TWS-ID/MBO-30.3,3mm Waste Stripper - MBO 30mm (790),https://www.technifold.com/wp-content/uploads/waste-strippers.jpg,TWS-ID-MBO-30.3.jpg
TWS-ID/40.3,3mm Waste Stripper - MBO 40mm (503),https://www.technifold.com/wp-content/uploads/waste-strippers.jpg,TWS-ID-40.3.jpg
TWS-ID/Multigraf-3,3mm Waste Stripper - Multigraf 36mm (409),https://www.technifold.com/wp-content/uploads/waste-strippers.jpg,TWS-ID-Multigraf-3.jpg
MPB-40,40 Teeth Per Inch Perforation blade - Agor 36mm (811) H&H 35mm (999) MBO 35mm (566) MBO 40mm (503) Multigraf 36mm (409) Stahl 35mm (317),https://www.technifold.com/wp-content/uploads/Perf-Blade-40tpi-65.png,MPB-40.png
TWS-ID/AGOR-4,4mm Waste Stripper - Agor 36mm (811),https://www.technifold.com/wp-content/uploads/waste-strippers.jpg,TWS-ID-AGOR-4.jpg
TWS-ID/MB-4,4mm Waste Stripper - GUK 20mm (620) MB 20mm (292) Stahl 20mm (435),https://www.technifold.com/wp-content/uploads/waste-strippers.jpg,TWS-ID-MB-4.jpg
TWS-ID/25-4,4mm Waste Stripper - GUK 25mm (199) Stahl 25mm (624),https://www.technifold.com/wp-content/uploads/waste-strippers.jpg,TWS-ID-25-4.jpg
TWS-ID/GUK-35-4,4mm Waste Stripper - GUK 35mm (550),https://www.technifold.com/wp-content/uploads/waste-strippers.jpg,TWS-ID-GUK-35-4.jpg
TWS-ID/HH30-4,4mm Waste Stripper - H&H 30mm (708),https://www.technifold.com/wp-content/uploads/waste-strippers.jpg,TWS-ID-HH30-4.jpg
TWS-ID/35-4,4mm Waste Stripper - H&H 35mm (999) MBO 35mm (566) Stahl 35mm (317),https://www.technifold.com/wp-content/uploads/waste-strippers.jpg,TWS-ID-35-4.jpg
TWS-ID/40-4,4mm Waste Stripper - H&H 40mm (622),https://www.technifold.com/wp-content/uploads/waste-strippers.jpg,TWS-ID-40-4.jpg
TWS-ID/HO20-4,4mm Waste Stripper - Horizon 20mm (703),https://www.technifold.com/wp-content/uploads/waste-strippers.jpg,TWS-ID-HO20-4.jpg
TWS-ID/Horizon-30.4,4mm Waste Stripper - Horizon 30mm (834),https://www.technifold.com/wp-content/uploads/waste-strippers.jpg,TWS-ID-Horizon-30.4.jpg
TWS-ID/MBO-30.4,4mm Waste Stripper - MBO 30mm (790),https://www.technifold.com/wp-content/uploads/waste-strippers.jpg,TWS-ID-MBO-30.4.jpg
TWS-ID/40.4,4mm Waste Stripper - MBO 40mm (503),https://www.technifold.com/wp-content/uploads/waste-strippers.jpg,TWS-ID-40.4.jpg
TWS-ID/Multigraf-4,4mm Waste Stripper - Multigraf 36mm (409),https://www.technifold.com/wp-content/uploads/waste-strippers.jpg,TWS-ID-Multigraf-4.jpg
MPB-52,52 Teeth Per Inch Perforation blade - Agor 36mm (811) H&H 35mm (999) MBO 35mm (566) MBO 40mm (503) Multigraf 36mm (409) Stahl 35mm (317),https://www.technifold.com/wp-content/uploads/Perf-Blade-52tpi-65.png,MPB-52.png
MPB-52/BF/28mm,52 Teeth Per Inch Perforation Blade - Baum 28mm (946),https://www.technifold.com/wp-content/uploads/Perf-Blade-52tpi-65.png,MPB-52-BF-28mm.png
MPB-52/BF/22mm,52 Teeth Per Inch Perforation Blade - Baumfolder 22mm (359),https://www.technifold.com/wp-content/uploads/Perf-Blade-52tpi-65.png,MPB-52-BF-22mm.png
MPB-MB-52,52 Teeth Per Inch Perforation Blade - GUK 20mm (620) MB 20mm (292) Stahl 20mm (435),https://www.technifold.com/wp-content/uploads/Perf-Blade-52tpi-65.png,MPB-MB-52.png
MPB-52/25mm,52 Teeth Per Inch Perforation Blade - GUK 25mm (199) Stahl 25mm (624),https://www.technifold.com/wp-content/uploads/Perf-Blade-52tpi-65.png,MPB-52-25mm.png
MPB-52GUK,52 Teeth Per Inch Perforation Blade - GUK 35mm (550),https://www.technifold.com/wp-content/uploads/Perf-Blade-52tpi-65.png,MPB-52GUK.png
MPB-52-HH/30mm,52 Teeth Per Inch Perforation Blade - H&H 30mm (708),https://www.technifold.com/wp-content/uploads/Perf-Blade-52tpi-65.png,MPB-52-HH-30mm.png
MPB-52/30MM,52 Teeth Per Inch Perforation Blade - Horizon 30mm (834) MBO 30mm (790),https://www.technifold.com/wp-content/uploads/Perf-Blade-52tpi-65.png,MPB-52-30MM.png
MPB-52/RO,52 Teeth Per Inch Perforation Blade - Rollem 25mm (871),https://www.technifold.com/wp-content/uploads/Perf-Blade-52tpi-65.png,MPB-52-RO.png
MPB-ROS-BA-52mm,52 Teeth Per Inch Perforation Blade - Rosback 25mm (497),https://www.technifold.com/wp-content/uploads/Perf-Blade-52tpi-65.png,MPB-ROS-BA-52mm.png
TWS-ID/AGOR-5,5mm Waste Stripper - Agor 36mm (811),https://www.technifold.com/wp-content/uploads/waste-strippers.jpg,TWS-ID-AGOR-5.jpg
TWS-ID/MB-5,5mm Waste Stripper - GUK 20mm (620) MB 20mm (292) Stahl 20mm (435),https://www.technifold.com/wp-content/uploads/waste-strippers.jpg,TWS-ID-MB-5.jpg
TWS-ID/25-5,5mm Waste Stripper - GUK 25mm (199) Stahl 25mm (624),https://www.technifold.com/wp-content/uploads/waste-strippers.jpg,TWS-ID-25-5.jpg
TWS-ID/GUK-35-5,5mm Waste Stripper - GUK 35mm (550),https://www.technifold.com/wp-content/uploads/waste-strippers.jpg,TWS-ID-GUK-35-5.jpg
TWS-ID/HH30-5,5mm Waste Stripper - H&H 30mm (708),https://www.technifold.com/wp-content/uploads/waste-strippers.jpg,TWS-ID-HH30-5.jpg
TWS-ID/35-5,5mm Waste Stripper - H&H 35mm (999) MBO 35mm (566) Stahl 35mm (317),https://www.technifold.com/wp-content/uploads/waste-strippers.jpg,TWS-ID-35-5.jpg
TWS-ID/40-5,5mm Waste Stripper - H&H 40mm (622),https://www.technifold.com/wp-content/uploads/waste-strippers.jpg,TWS-ID-40-5.jpg
TWS-ID/HO20-5,5mm Waste Stripper - Horizon 20mm (703),https://www.technifold.com/wp-content/uploads/waste-strippers.jpg,TWS-ID-HO20-5.jpg
TWS-ID/Horizon-30.5,5mm Waste Stripper - Horizon 30mm (834),https://www.technifold.com/wp-content/uploads/waste-strippers.jpg,TWS-ID-Horizon-30.5.jpg
TWS-ID/MBO-30.5,5mm Waste Stripper - MBO 30mm (790),https://www.technifold.com/wp-content/uploads/waste-strippers.jpg,TWS-ID-MBO-30.5.jpg
TWS-ID/40.5,5mm Waste Stripper - MBO 40mm (503),https://www.technifold.com/wp-content/uploads/waste-strippers.jpg,TWS-ID-40.5.jpg
TWS-ID/Multigraf-5,5mm Waste Stripper - Multigraf 36mm (409),https://www.technifold.com/wp-content/uploads/waste-strippers.jpg,TWS-ID-Multigraf-5.jpg
MPB-72,72 Teeth Per Inch Perforation blade - Agor 36mm (811) H&H 35mm (999) MBO 35mm (566) MBO 40mm (503) Multigraf 36mm (409) Stahl 35mm (317),https://www.technifold.com/wp-content/uploads/Perf-Blade-72tpi-65.png,MPB-72.png
MPB-72/BF/22mm,72 Teeth Per Inch Perforation Blade - Baumfolder 22mm (359),https://www.technifold.com/wp-content/uploads/Perf-Blade-72tpi-65.png,MPB-72-BF-22mm.png
MPB-MB-72,72 Teeth Per Inch Perforation Blade - GUK 20mm (620) MB 20mm (292) Stahl 20mm (435),https://www.technifold.com/wp-content/uploads/Perf-Blade-72tpi-65.png,MPB-MB-72.png
MPB-72/25mm,72 Teeth Per Inch Perforation Blade - GUK 25mm (199) Stahl 25mm (624),https://www.technifold.com/wp-content/uploads/Perf-Blade-72tpi-65.png,MPB-72-25mm.png
MPB-72GUK,72 Teeth Per Inch Perforation Blade - GUK 35mm (550),https://www.technifold.com/wp-content/uploads/Perf-Blade-72tpi-65.png,MPB-72GUK.png
MPB-72/30MM,72 Teeth Per Inch Perforation Blade - Horizon 30mm (834) MBO 30mm (790),https://www.technifold.com/wp-content/uploads/Perf-Blade-72tpi-65.png,MPB-72-30MM.png
MPB-ROS-BA-72mm,72 Teeth Per Inch Perforation Blade - Rosback 25mm (497),https://www.technifold.com/wp-content/uploads/Perf-Blade-72tpi-65.png,MPB-ROS-BA-72mm.png
MPB-8,8 Teeth Per Inch Perforation blade - Agor 36mm (811) H&H 35mm (999) MBO 35mm (566) MBO 40mm (503) Multigraf 36mm (409) Stahl 35mm (317),https://www.technifold.com/wp-content/uploads/Perf-Blade-8tpi-65.png,MPB-8.png
HO-ST/BK-PC,Black extra heavy & wide plastic creasing band,https://www.technifold.com/wp-content/uploads/Black-Creasing-Band.jpg,HO-ST-BK-PC.jpg
MOULD-183,Black Fast Fit Petratto 40mm Split Creaser,https://www.technifold.com/wp-content/uploads/Black-Creasing-Band.jpg,MOULD-183.jpg
MOULD-47,Black Gripper Band,https://www.technifold.com/wp-content/uploads/black-gripper-band.jpg,MOULD-47.jpg
MOULD-51,Black Gripper Band,https://www.technifold.com/wp-content/uploads/black-gripper-band.jpg,MOULD-51.jpg
MOULD-15,Black Gripper Band,https://www.technifold.com/wp-content/uploads/black-gripper-band.jpg,MOULD-15.jpg
CP-NY/SL-25,Black Multi-Tool Nylon Sleeve - GUK 25mm (199) Stahl 25mm (624),https://www.technifold.com/wp-content/uploads/0176-black.jpg,CP-NY-SL-25.jpg
CP-NY/SL-35,Black Multi-Tool Nylon Sleeve - MBO 35mm (566) Stahl 35mm (317),https://www.technifold.com/wp-content/uploads/0176-black.jpg,CP-NY-SL-35.jpg
PD-NY/SL-35,Black Nylon Sleeve - Agor 36mm (811) MBO 35mm (566) MBO 40mm (503) Multigraf 36mm (409) Stahl 35mm (317),https://www.technifold.com/wp-content/uploads/Black-Nylon-Sleeve-45-e1728263436554.png,PD-NY-SL-35.png
PD-NY/SL-BF-22,Black Nylon Sleeve - Baumfolder 22mm (359),https://www.technifold.com/wp-content/uploads/Black-Nylon-Sleeve-45-e1728263436554.png,PD-NY-SL-BF-22.png
PD-NY/SL-MB,Black Nylon Sleeve - GUK 20mm (620) MB 20mm (292) Stahl 20mm (435),https://www.technifold.com/wp-content/uploads/Black-Nylon-Sleeve-45-e1728263436554.png,PD-NY-SL-MB.png
PD-NY/SL-25,Black Nylon Sleeve - GUK 25mm (199) Stahl 25mm (624),https://www.technifold.com/wp-content/uploads/Black-Nylon-Sleeve-45-e1728263436554.png,PD-NY-SL-25.png
PD-NY/SLGU,Black Nylon Sleeve - GUK 35mm (550),https://www.technifold.com/wp-content/uploads/Black-Nylon-Sleeve-45-e1728263436554.png,PD-NY-SLGU.png
PD-NY/SL-HH-30,Black Nylon Sleeve - H&H 30mm (708),https://www.technifold.com/wp-content/uploads/Black-Nylon-Sleeve-45-e1728263436554.png,PD-NY-SL-HH-30.png
PD-NY/SL-HH-35,Black Nylon Sleeve - H&H 35mm (999),https://www.technifold.com/wp-content/uploads/Black-Nylon-Sleeve-45-e1728263436554.png,PD-NY-SL-HH-35.png
PD-NY/SL-HO,Black Nylon Sleeve - Horizon 20mm (703),https://www.technifold.com/wp-content/uploads/Black-Nylon-Sleeve-45-e1728263436554.png,PD-NY-SL-HO.png
PD-NY/SL-30,Black Nylon Sleeve - Horizon 30mm (834) MBO 30mm (790),https://www.technifold.com/wp-content/uploads/Black-Nylon-Sleeve-45-e1728263436554.png,PD-NY-SL-30.png
PD-NY/SLDM/30,Black Nylon Sleeve - Moll (214),https://www.technifold.com/wp-content/uploads/Black-Nylon-Sleeve-45-e1728263436554.png,PD-NY-SLDM-30.png
PD-NY/SLMO,Black Nylon Sleeve - Morgana 15mm (972) shoei 15mm (717),https://www.technifold.com/wp-content/uploads/Black-Nylon-Sleeve-45-e1728263436554.png,PD-NY-SLMO.png
PD-NY/SL-RO,Black Nylon Sleeve - Rollem 25mm (871),https://www.technifold.com/wp-content/uploads/Black-Nylon-Sleeve-45-e1728263436554.png,PD-NY-SL-RO.png
PD-NY/SL-ROS,Black Nylon Sleeve - Rosback 25mm (497),https://www.technifold.com/wp-content/uploads/Black-Nylon-Sleeve-45-e1728263436554.png,PD-NY-SL-ROS.png
EC-FF-PC-HO/50,Black Plastic Creasing Band - Econocrease (444),https://www.technifold.com/wp-content/uploads/Black-Creasing-Band.jpg,EC-FF-PC-HO-50.jpg
EF-PC-HH/67.5,Black Plastic Creasing Band - H&H 45mm (288),https://www.technifold.com/wp-content/uploads/Black-Creasing-Band.jpg,EF-PC-HH-67.5.jpg
PC-LO-BLK,Black Plastic Creasing Band - Longford 45mm (336),https://www.technifold.com/wp-content/uploads/Black-Creasing-Band.jpg,PC-LO-BLK.jpg
FF-PC-ZA/40-B,Black Plastic Creasing Band - Zander 40mm (698),https://www.technifold.com/wp-content/uploads/Black-Creasing-Band.jpg,FF-PC-ZA-40-B.jpg
QC-DEL-KB-114/PC,Black Setting Kolbus 114 Plastic Creaser,https://www.technifold.com/wp-content/uploads/Black-Creasing-Band.jpg,QC-DEL-KB-114-PC.jpg
Mould-90,Blue Creasing Band for Horizon Stitchliner,https://www.technifold.com/wp-content/uploads/Blue-Creasing-Band.jpg,Mould-90.jpg
MOULD-149,Blue Edge-Trimming Gripper Band Shoei - 55mm,https://www.technifold.com/wp-content/uploads/blue-gripper-band.jpg,MOULD-149.jpg
MOULD-148,Blue Edge-Trimming Gripper Band Shoei - 65mm,https://www.technifold.com/wp-content/uploads/blue-gripper-band.jpg,MOULD-148.jpg
MOULD-177B,Blue Enduracrease Fast Fit Petratto 40mm Split Creaser,https://www.technifold.com/wp-content/uploads/Blue-Creasing-Band.jpg,MOULD-177B.jpg
MOULD-61,Blue Gripper Band,https://www.technifold.com/wp-content/uploads/blue-gripper-band.jpg,MOULD-61.jpg
MOULD-62,Blue Gripper Band,https://www.technifold.com/wp-content/uploads/blue-gripper-band.jpg,MOULD-62.jpg
MOULD-40,Blue Gripper Band,https://www.technifold.com/wp-content/uploads/blue-gripper-band.jpg,MOULD-40.jpg
MOULD-83,Blue Gripper Band - H&H 30mm (708),https://www.technifold.com/wp-content/uploads/blue-gripper-band.jpg,MOULD-83.jpg
MOULD-63,Blue Gripper Band MB 20mm (292) GUK 20mm (620)  Stahl 20mm (435),https://www.technifold.com/wp-content/uploads/blue-gripper-band.jpg,MOULD-63.jpg
QC-MU-PA01/PC-B-B,Blue Medium Nylon Creasing Rib Panda 2 bottom shaft/double,https://www.technifold.com/wp-content/uploads/Blue-Creasing-Band.jpg,QC-MU-PA01-PC-B-B.jpg
QC-MU-PA01/PC-B-T,Blue Medium Nylon Creasing Rib Panda 2 topshaft/single chamf,https://www.technifold.com/wp-content/uploads/Blue-Creasing-Band.jpg,QC-MU-PA01-PC-B-T.jpg
CP-NY/SL-35-B,Blue Multi-Tool Nylon Sleeve - MBO 35mm (566) Stahl 35mm (317),https://www.technifold.com/wp-content/uploads/0176-blue.jpg,CP-NY-SL-35-B.jpg
PD-NY/SL-35-B,Blue Nylon Sleeve - Agor 36mm (811) MBO 35mm (566) MBO 40mm (503) Multigraf 36mm (409) Stahl 35mm (317),https://www.technifold.com/wp-content/uploads/Blue-Nylon-Sleeve-45-e1728263479260.png,PD-NY-SL-35-B.png
PD-NY/SL-BF-28-B,Blue Nylon Sleeve - Baum 28mm (946),https://www.technifold.com/wp-content/uploads/Blue-Nylon-Sleeve-45-e1728263479260.png,PD-NY-SL-BF-28-B.png
PD-NY/SL-BF-22-B,Blue Nylon Sleeve - Baumfolder 22mm (359),https://www.technifold.com/wp-content/uploads/Blue-Nylon-Sleeve-45-e1728263479260.png,PD-NY-SL-BF-22-B.png
PD-NY/SL-MB-B,Blue Nylon Sleeve - GUK 20mm (620) MB 20mm (292) Stahl 20mm (435),https://www.technifold.com/wp-content/uploads/Blue-Nylon-Sleeve-45-e1728263479260.png,PD-NY-SL-MB-B.png
PD-NY/SL-25-B,Blue Nylon Sleeve - GUK 25mm (199)  Stahl 25mm (624),https://www.technifold.com/wp-content/uploads/Blue-Nylon-Sleeve-45-e1728263479260.png,PD-NY-SL-25-B.png
PD-NY/SLGU-B,Blue Nylon Sleeve - GUK 35mm (550),https://www.technifold.com/wp-content/uploads/Blue-Nylon-Sleeve-45-e1728263479260.png,PD-NY-SLGU-B.png
PD-NY/SL-HH-30-B,Blue Nylon Sleeve - H&H 30mm (708),https://www.technifold.com/wp-content/uploads/Blue-Nylon-Sleeve-45-e1728263479260.png,PD-NY-SL-HH-30-B.png
PD-NY/SL-HH-35-B,Blue Nylon Sleeve - H&H 35mm (999),https://www.technifold.com/wp-content/uploads/Blue-Nylon-Sleeve-45-e1728263479260.png,PD-NY-SL-HH-35-B.png
PD-NY/SL-HO-B,Blue Nylon Sleeve - Horizon 20mm (703),https://www.technifold.com/wp-content/uploads/Blue-Nylon-Sleeve-45-e1728263479260.png,PD-NY-SL-HO-B.png
PD-NY/SL-30-B,Blue Nylon Sleeve - Horizon 30mm (834) MBO 30mm (790),https://www.technifold.com/wp-content/uploads/Blue-Nylon-Sleeve-45-e1728263479260.png,PD-NY-SL-30-B.png
PD-NY/SLDM/30-B,Blue Nylon Sleeve - Moll (214),https://www.technifold.com/wp-content/uploads/Blue-Nylon-Sleeve-45-e1728263479260.png,PD-NY-SLDM-30-B.png
PD-NY/SLMO-B,Blue Nylon Sleeve - Morgana 15mm (972) shoei 15mm (717),https://www.technifold.com/wp-content/uploads/Blue-Nylon-Sleeve-45-e1728263479260.png,PD-NY-SLMO-B.png
PD-NY/SL-RO-B,Blue Nylon Sleeve - Rollem 25mm (871),https://www.technifold.com/wp-content/uploads/Blue-Nylon-Sleeve-45-e1728263479260.png,PD-NY-SL-RO-B.png
PD-NY/SL-ROS-B,Blue Nylon Sleeve - Rosback 25mm (497),https://www.technifold.com/wp-content/uploads/Blue-Nylon-Sleeve-45-e1728263479260.png,PD-NY-SL-ROS-B.png
FF-PC-HO/50-B,Blue Plastic Creasing Band - Econocrease (444),https://www.technifold.com/wp-content/uploads/Blue-Creasing-Band.jpg,FF-PC-HO-50-B.jpg
EF-PC-HH/67.5-B,Blue Plastic Creasing Band - H&H 45mm (288),https://www.technifold.com/wp-content/uploads/Blue-Creasing-Band.jpg,EF-PC-HH-67.5-B.jpg
FF-PC/DM-B,Blue Plastic Creasing Band - Moll (214),https://www.technifold.com/wp-content/uploads/Blue-Creasing-Band.jpg,FF-PC-DM-B.jpg
FF-PC-RO/25-B,Blue Plastic Creasing Band - Rollem 25mm (871),https://www.technifold.com/wp-content/uploads/Blue-Creasing-Band.jpg,FF-PC-RO-25-B.jpg
QC-DEL-KB-114/PC-B,Blue Setting Kolbus 114 Plastic Creaser,https://www.technifold.com/wp-content/uploads/0238-blue.webp,QC-DEL-KB-114-PC-B.webp
MOULD-184,Blue Split Gripper Crease,https://www.technifold.com/wp-content/uploads/Blue-Creasing-Band.jpg,MOULD-184.jpg
MOULD-92X,Blue Split Gripper Crease Muller Adjustable,https://www.technifold.com/wp-content/uploads/Blue-Creasing-Band.jpg,MOULD-92X.jpg
CB-02,"Cutting Boss - Agor 36mm (811), MBO 35mm (566), Multigraf 36mm (409), Stahl 35mm (317)",https://www.technifold.com/wp-content/uploads/cutting-boss.jpg,CB-02.jpg
CB-BF/28-01,Cutting Boss - Baum 28mm (946),https://www.technifold.com/wp-content/uploads/cutting-boss.jpg,CB-BF-28-01.jpg
CB-MB-01,"Cutting Boss - GUK 20mm (620), MB 20mm (292), Stahl 20mm (435)",https://www.technifold.com/wp-content/uploads/cutting-boss.jpg,CB-MB-01.jpg
CB-25-02,"Cutting Boss - GUK 25mm (199), Stahl 25mm (624)",https://www.technifold.com/wp-content/uploads/cutting-boss.jpg,CB-25-02.jpg
CB-GUK-01,Cutting Boss - GUK 35mm (550),https://www.technifold.com/wp-content/uploads/cutting-boss.jpg,CB-GUK-01.jpg
CB-HH-30,Cutting Boss - H&H 30mm (708),https://www.technifold.com/wp-content/uploads/cutting-boss.jpg,CB-HH-30.jpg
CB-HH-01,Cutting Boss - H&H 35mm (999),https://www.technifold.com/wp-content/uploads/cutting-boss.jpg,CB-HH-01.jpg
CB-HH-40,Cutting Boss - H&H 40mm (622),https://www.technifold.com/wp-content/uploads/cutting-boss.jpg,CB-HH-40.jpg
CB-HH-02,Cutting Boss - H&H 45mm (288),https://www.technifold.com/wp-content/uploads/cutting-boss.jpg,CB-HH-02.jpg
CB-HO-02,Cutting Boss - Horizon 20mm (703),https://www.technifold.com/wp-content/uploads/cutting-boss.jpg,CB-HO-02.jpg
CB-30-01,"Cutting Boss - Horizon 30mm (834), MBO 30mm (790)",https://www.technifold.com/wp-content/uploads/cutting-boss.jpg,CB-30-01.jpg
CB-MF-40-01,Cutting Boss - MBO 40mm (503),https://www.technifold.com/wp-content/uploads/cutting-boss.jpg,CB-MF-40-01.jpg
CB-SH/55-01,Cutting Boss - Shoei 35/55mm (499),https://www.technifold.com/wp-content/uploads/cutting-boss.jpg,CB-SH-55-01.jpg
CB-SH/65-01,Cutting Boss - Shoei 35/65mm (604),https://www.technifold.com/wp-content/uploads/cutting-boss.jpg,CB-SH-65-01.jpg
CK-01(62.5MM),"Cutting Knife - Agor 36mm (811), MBO 35mm (566), H&H 35mm (999), Multigraf 36mm (409), Stahl 35mm (317)",https://www.technifold.com/wp-content/uploads/cutting-knife.jpg,CK-01(62.5MM).jpg
CK-BF/28-01,Cutting Knife - Baum 28mm (946),https://www.technifold.com/wp-content/uploads/cutting-knife.jpg,CK-BF-28-01.jpg
CK-MB-01,Cutting Knife - GUK 20mm (620) MB 20mm (292) Stahl 20mm (435) CreaseStream 20mm (828),https://www.technifold.com/wp-content/uploads/cutting-knife.jpg,CK-MB-01.jpg
CK-25-01,Cutting Knife - GUK 25mm (199) Stahl 25mm (624),https://www.technifold.com/wp-content/uploads/cutting-knife.jpg,CK-25-01.jpg
CK-GUK-01,Cutting Knife - GUK 35mm (550),https://www.technifold.com/wp-content/uploads/cutting-knife.jpg,CK-GUK-01.jpg
CK-HH/30-1,Cutting Knife - H&H 30mm (708),https://www.technifold.com/wp-content/uploads/cutting-knife.jpg,CK-HH-30-1.jpg
CK-MF/40-01,Cutting Knife - H&H 40mm (622) MBO 40mm (503),https://www.technifold.com/wp-content/uploads/cutting-knife.jpg,CK-MF-40-01.jpg
CK-HH/45-01,Cutting Knife - H&H 45mm (288),https://www.technifold.com/wp-content/uploads/cutting-knife.jpg,CK-HH-45-01.jpg
CK-30-01,Cutting Knife - Horizon 30mm (834) MBO 30mm (790),https://www.technifold.com/wp-content/uploads/cutting-knife.jpg,CK-30-01.jpg
CK-SH/55-01,Cutting Knife - Shoei 35/55mm (499),https://www.technifold.com/wp-content/uploads/cutting-knife.jpg,CK-SH-55-01.jpg
CK-SH/65-02,Cutting Knife - Shoei 35/65mm (604),https://www.technifold.com/wp-content/uploads/cutting-knife.jpg,CK-SH-65-02.jpg
FF-DSF/25-NY-BK,"Digital  Black Female Receiver Ring - Heidelberg Stahl 25mm (624), GUK 25mm (199)",https://www.technifold.com/wp-content/uploads/Black-Creasing-Band.jpg,FF-DSF-25-NY-BK.jpg
FF-DSF/30-NY-B,"Digital  Blue Female Receiver Ring - MBO 30mm (790), Horizon 30mm (834)",https://www.technifold.com/wp-content/uploads/Blue-Creasing-Band.jpg,FF-DSF-30-NY-B.jpg
RS-NY/FE-B,Digital  Blue Female Receiver Ring - RotoScore 28mm (830),https://www.technifold.com/wp-content/uploads/Blue-Creasing-Band.jpg,RS-NY-FE-B.jpg
FF-DSF/GU-35-NY-R,Digital  Red Female Receiver Ring - GUK 35mm (550),https://www.technifold.com/wp-content/uploads/Red-Creasing-Band.jpg,FF-DSF-GU-35-NY-R.jpg
FF-DSF/HH-35-NY-R,Digital  Red Female Receiver Ring - H&H 35mm (999),https://www.technifold.com/wp-content/uploads/Red-Creasing-Band.jpg,FF-DSF-HH-35-NY-R.jpg
FF-DSF/25-NY-R,"Digital  Red Female Receiver Ring - Heidelberg Stahl 25mm (624), GUK 25mm (199)",https://www.technifold.com/wp-content/uploads/Red-Creasing-Band.jpg,FF-DSF-25-NY-R.jpg
FF-DSF/HO-20-NY-R,Digital  Red Female Receiver Ring - Horizon 20mm (703),https://www.technifold.com/wp-content/uploads/Red-Creasing-Band.jpg,FF-DSF-HO-20-NY-R.jpg
FF-DSF/30-NY-R,"Digital  Red Female Receiver Ring - MBO 30mm (790), Horizon 30mm (834)",https://www.technifold.com/wp-content/uploads/Red-Creasing-Band.jpg,FF-DSF-30-NY-R.jpg
RS-NY/FE-R,Digital  Red Female Receiver Ring - RotoScore 28mm (830),https://www.technifold.com/wp-content/uploads/Red-Creasing-Band.jpg,RS-NY-FE-R.jpg
FF-DSF/ROS-NY-O,Digital  Red Receiver Ring - Rosback 25mm (497),https://www.technifold.com/wp-content/uploads/Red-Creasing-Band.jpg,FF-DSF-ROS-NY-O.jpg
FF-DSF/GU-35-NY-W,Digital  White Female Receiver Ring - GUK 35mm (550),https://www.technifold.com/wp-content/uploads/white-creaser-band.jpg,FF-DSF-GU-35-NY-W.jpg
FF-DSF/HH-35-NY-W,Digital  White Female Receiver Ring - H&H 35mm (999),https://www.technifold.com/wp-content/uploads/white-creaser-band.jpg,FF-DSF-HH-35-NY-W.jpg
FF-DSF/25-NY-W,"Digital  White Female Receiver Ring - Heidelberg Stahl 25mm (624), GUK 25mm (199)",https://www.technifold.com/wp-content/uploads/white-creaser-band.jpg,FF-DSF-25-NY-W.jpg
FF-DSF/30-NY-W,"Digital  White Female Receiver Ring - MBO 30mm (790), Horizon 30mm (834)",https://www.technifold.com/wp-content/uploads/white-creaser-band.jpg,FF-DSF-30-NY-W.jpg
FF-DSF/GU-35-NY-Y,Digital  Yellow Female Receiver Ring - GUK 35mm (550),https://www.technifold.com/wp-content/uploads/Yellow-Creasing-Band.jpg,FF-DSF-GU-35-NY-Y.jpg
FF-DSF/HH-35-NY-Y,Digital  Yellow Female Receiver Ring - H&H 35mm (999),https://www.technifold.com/wp-content/uploads/Yellow-Creasing-Band.jpg,FF-DSF-HH-35-NY-Y.jpg
FF-DSF/25-NY-Y,"Digital  Yellow Female Receiver Ring - Heidelberg Stahl 25mm (624), GUK 25mm (199)",https://www.technifold.com/wp-content/uploads/Yellow-Creasing-Band.jpg,FF-DSF-25-NY-Y.jpg
FF-DSF/HO-20-NY-Y,Digital  Yellow Female Receiver Ring - Horizon 20mm (703),https://www.technifold.com/wp-content/uploads/Yellow-Creasing-Band.jpg,FF-DSF-HO-20-NY-Y.jpg
FF-DSF/30-NY-Y,"Digital  Yellow Female Receiver Ring - MBO 30mm (790), Horizon 30mm (834)",https://www.technifold.com/wp-content/uploads/Yellow-Creasing-Band.jpg,FF-DSF-30-NY-Y.jpg
FF-DSF/RO-NY-Y,Digital  Yellow Female Receiver Ring - Rollem 25mm (871),https://www.technifold.com/wp-content/uploads/Yellow-Creasing-Band.jpg,FF-DSF-RO-NY-Y.jpg
RS-NY/FE-Y,Digital  Yellow Female Receiver Ring - RotoScore 28mm (830),https://www.technifold.com/wp-content/uploads/Yellow-Creasing-Band.jpg,RS-NY-FE-Y.jpg
FF-DSF/HH-35-NY,Digital Black Female Receiver Ring - H&H 35mm (999),https://www.technifold.com/wp-content/uploads/Black-Creasing-Band.jpg,FF-DSF-HH-35-NY.jpg
RS-NY/FE,Digital Black Female Receiver Ring - RotoScore 28mm (830),https://www.technifold.com/wp-content/uploads/Black-Creasing-Band.jpg,RS-NY-FE.jpg
FF-DSF/GU-35-NY-B,Digital Blue Female Receiver Ring - GUK 35mm (550),https://www.technifold.com/wp-content/uploads/Blue-Creasing-Band.jpg,FF-DSF-GU-35-NY-B.jpg
FF-DSF/HH-35-NY-B,Digital Blue Female Receiver Ring - H&H 35mm (999),https://www.technifold.com/wp-content/uploads/Blue-Creasing-Band.jpg,FF-DSF-HH-35-NY-B.jpg
FF-DSF/25-NY-B,"Digital Blue Female Receiver Ring - Heidelberg Stahl 25mm (624), GUK 25mm (199)",https://www.technifold.com/wp-content/uploads/Blue-Creasing-Band.jpg,FF-DSF-25-NY-B.jpg
FF-DSF/35-NY-B,"Digital Blue Female Receiver Ring - Heidelberg Stahl 35mm (317), MBO 35mm (566)",https://www.technifold.com/wp-content/uploads/img_0001_1.webp,FF-DSF-35-NY-B.webp
FF-DSF/HO-20-NY-B,Digital Blue Female Receiver Ring - Horizon 20mm (703),https://www.technifold.com/wp-content/uploads/Blue-Creasing-Band.jpg,FF-DSF-HO-20-NY-B.jpg
FF-DSF/20-MB-NY-B,Digital Blue Female Receiver Ring - MB 20mm (292) CreaseStream 20mm (828),https://www.technifold.com/wp-content/uploads/Blue-Creasing-Band.jpg,FF-DSF-20-MB-NY-B.jpg
FF-DSF/PET-40-NY-B,Digital Blue Female Receiver Ring - Petratto (269),https://www.technifold.com/wp-content/uploads/img_0001_1.webp,FF-DSF-PET-40-NY-B.webp
FF-DSF/RO-NY-B,Digital Blue Female Receiver Ring - Rollem 25mm (871),https://www.technifold.com/wp-content/uploads/Blue-Creasing-Band.jpg,FF-DSF-RO-NY-B.jpg
FF-DSF/ROS-NY-B,Digital Blue Female Receiver Ring - Rosback 25mm (497),https://www.technifold.com/wp-content/uploads/Blue-Creasing-Band.jpg,FF-DSF-ROS-NY-B.jpg
MOULD-17B,Digital Easy-Fit Green Creasing Band - Agor 36mm (811) GUK 35mm (550) H&H 35mm (999) MBO 40mm (503) Multigraf 36mm (409) Petrato 40mm (269) Rollem 25mm (871) Stahl 35mm (317),https://www.technifold.com/wp-content/uploads/easy-fit-green-creasing-band.jpg,MOULD-17B.jpg
MOULD-78B,Digital Easy-Fit Green Creasing Band - Baum 28mm (946),https://www.technifold.com/wp-content/uploads/easy-fit-green-creasing-band.jpg,MOULD-78B.jpg
MOULD-45B,Digital Easy-Fit Green Creasing Band - Baumfolder 22mm (359) GUK 25mm (199) Stahl 25mm (624),https://www.technifold.com/wp-content/uploads/easy-fit-green-creasing-band.jpg,MOULD-45B.jpg
MOULD-49B,Digital Easy-Fit Green Creasing Band - GA-Vehren (596) Horizon 25mm (552) MBO 30mm (790) Moll (214),https://www.technifold.com/wp-content/uploads/easy-fit-green-creasing-band.jpg,MOULD-49B.jpg
MOULD-131B,Digital Easy-Fit Green Creasing Band - H&H 25mm (401),https://www.technifold.com/wp-content/uploads/easy-fit-green-creasing-band.jpg,MOULD-131B.jpg
MOULD-57B,Digital Easy-Fit Green Creasing Band - Horizon 65mm (200) Pierce 27mm (689) Rosback 25mm (497) Shoei 35/65mm (604),https://www.technifold.com/wp-content/uploads/easy-fit-green-creasing-band.jpg,MOULD-57B.jpg
MOULD-53B,Digital Easy-Fit Green Creasing Band- GA-Vehren (596) Horizon 25mm (552) MBO 30mm (790) Moll (214),https://www.technifold.com/wp-content/uploads/easy-fit-green-creasing-band.jpg,MOULD-53B.jpg
MOULD-48B,Digital Easy-Fit Pink Creasing Band,https://www.technifold.com/wp-content/uploads/easy-fit-pink-creasing-band.jpg,MOULD-48B.jpg
MOULD-16B,Digital Easy-Fit Pink Creasing Band - Agor 36mm (811) GUK 35mm (550) H&H 35mm (999) MBO 40mm (503) Multigraf 36mm (409) Petrato 40mm (269) Rollem 25mm (871) Stahl 35mm (317),https://www.technifold.com/wp-content/uploads/easy-fit-pink-creasing-band.jpg,MOULD-16B.jpg
MOULD-77B,Digital Easy-Fit Pink Creasing Band - Baum 28mm (946),https://www.technifold.com/wp-content/uploads/easy-fit-pink-creasing-band.jpg,MOULD-77B.jpg
MOULD-44B,Digital Easy-Fit Pink Creasing Band - Baumfolder 22mm (359) GUK 25mm (199) Stahl 25mm (624),https://www.technifold.com/wp-content/uploads/easy-fit-pink-creasing-band.jpg,MOULD-44B.jpg
MOULD-132B,Digital Easy-Fit Pink Creasing Band - H&H 25mm (401),https://www.technifold.com/wp-content/uploads/easy-fit-pink-creasing-band.jpg,MOULD-132B.jpg
MOULD-56B,Digital Easy-Fit Pink Creasing Band - Horizon 65mm (200) Pierce 27mm (689) Rosback 25mm (497) Shoei 35/65mm (604),https://www.technifold.com/wp-content/uploads/easy-fit-pink-creasing-band.jpg,MOULD-56B.jpg
MOULD-52B,Digital Easy-Fit Pink Creasing Band- GA-Vehren (596) Horizon 25mm (552) MBO 30mm (790) Moll (214),https://www.technifold.com/wp-content/uploads/easy-fit-pink-creasing-band.jpg,MOULD-52B.jpg
MOULD-29B,Digital Easy-Fit Red Creasing Band - Agor 36mm (811) GUK 35mm (550) H&H 35mm (999) MBO 40mm (503) Multigraf 36mm (409) Petrato 40mm (269) Rollem 25mm (871) Stahl 35mm (317),https://www.technifold.com/wp-content/uploads/easy-fit-orange-creasing-band.jpg,MOULD-29B.jpg
MOULD-79B,Digital Easy-Fit Red Creasing Band - Baum 28mm (946),https://www.technifold.com/wp-content/uploads/easy-fit-orange-creasing-band.jpg,MOULD-79B.jpg
MOULD-46B,Digital Easy-Fit Red Creasing Band - Baumfolder 22mm (359) GUK 25mm (199) Stahl 25mm (624),https://www.technifold.com/wp-content/uploads/easy-fit-orange-creasing-band.jpg,MOULD-46B.jpg
MOULD-54B,Digital Easy-Fit Red Creasing Band - GUK 20mm (620) MB 20mm (292) Stahl 20mm (435),https://www.technifold.com/wp-content/uploads/easy-fit-orange-creasing-band.jpg,MOULD-54B.jpg
MOULD-133B,Digital Easy-Fit Red Creasing Band - H&H 25mm (401),https://www.technifold.com/wp-content/uploads/easy-fit-orange-creasing-band.jpg,MOULD-133B.jpg
MOULD-58B,Digital Easy-Fit Red Creasing Band - Horizon 65mm (200) Pierce 27mm (689) Rosback 25mm (497) Shoei 35/65mm (604),https://www.technifold.com/wp-content/uploads/easy-fit-orange-creasing-band.jpg,MOULD-58B.jpg
MOULD-50B,Digital Easy-Fit Red Creasing Band- GA-Vehren (596) Horizon 25mm (552) MBO 30mm (790) Moll (214),https://www.technifold.com/wp-content/uploads/easy-fit-orange-creasing-band.jpg,MOULD-50B.jpg
MOULD-126B-PI,Digital Fast-Fit Green Creasing Band - Pierce 27mm (689),https://www.technifold.com/wp-content/uploads/Green-Creasing-Band.jpg,MOULD-126B-PI.jpg
MOULD-156B,Digital Fast-Fit Green Creasing Band -GUK 25mm (199) Stahl 25mm (624),https://www.technifold.com/wp-content/uploads/Green-Creasing-Band.jpg,MOULD-156B.jpg
MOULD-135B-SX,Digital Green Fast-Fit Creasing Band - Baum 28mm (946),https://www.technifold.com/wp-content/uploads/Green-Creasing-Band.jpg,MOULD-135B-SX.jpg
MOULD-139B-X,Digital Green Fast-Fit Creasing Band - Baumfolder 22mm (359),https://www.technifold.com/wp-content/uploads/Green-Creasing-Band.jpg,MOULD-139B-X.jpg
MOULD-123BSX,Digital Green Fast-Fit Creasing Band - GA-Vehren (596) Moll (214) RotoScore 28mm (830),https://www.technifold.com/wp-content/uploads/Green-Creasing-Band.jpg,MOULD-123BSX.jpg
MOULD-117B,Digital Green Fast-Fit Creasing Band - GUK 20mm (620) MB 20mm (292) Stahl 20mm (435),https://www.technifold.com/wp-content/uploads/Green-Creasing-Band.jpg,MOULD-117B.jpg
MOULD-113B-XTRA,Digital Green Fast-Fit Creasing Band - GUK 35mm (550),https://www.technifold.com/wp-content/uploads/Green-Creasing-Band.jpg,MOULD-113B-XTRA.jpg
MOULD-152B,Digital Green Fast-Fit Creasing Band - H&H 20mm (216),https://www.technifold.com/wp-content/uploads/Green-Creasing-Band.jpg,MOULD-152B.jpg
MOULD-117-BX,Digital Green Fast-Fit Creasing Band - H&H 25mm (401),https://www.technifold.com/wp-content/uploads/Green-Creasing-Band.jpg,MOULD-117-BX.jpg
MOULD-144B-X,Digital Green Fast-Fit Creasing Band - H&H 30mm (708),https://www.technifold.com/wp-content/uploads/Green-Creasing-Band.jpg,MOULD-144B-X.jpg
MOULD-120B-SB,Digital Green Fast-Fit Creasing Band - H&H 40mm (622) H&H 35mm (999),https://www.technifold.com/wp-content/uploads/Green-Creasing-Band.jpg,MOULD-120B-SB.jpg
MOULD-159B,Digital Green Fast-Fit Creasing Band - Horizon 30mm (834) MBO 30mm (790),https://www.technifold.com/wp-content/uploads/Green-Creasing-Band.jpg,MOULD-159B.jpg
MOULD-162B,Digital Green Fast-Fit Creasing Band - MBO 35mm (566) Stahl 35mm (317) MBO 40mm (503),https://www.technifold.com/wp-content/uploads/Green-Creasing-Band.jpg,MOULD-162B.jpg
MOULD-141B-X,Digital Green Fast-Fit Creasing Band - Rollem 25mm (871),https://www.technifold.com/wp-content/uploads/Green-Creasing-Band.jpg,MOULD-141B-X.jpg
MOULD-126B-SX,Digital Green Fast-Fit Creasing Band - Rosback 25mm (497),https://www.technifold.com/wp-content/uploads/Green-Creasing-Band.jpg,MOULD-126B-SX.jpg
MOULD-147B,Digital Green Fast-Fit Creasing Band - Shoei 15mm (717) Graphic Wizard 15mm (732) Morgana 15mm (972),https://www.technifold.com/wp-content/uploads/Green-Creasing-Band.jpg,MOULD-147B.jpg
MOULD-126B-SB,Digital Green Fast-Fit Creasing Band - Smyth 30mm (247),https://www.technifold.com/wp-content/uploads/Green-Creasing-Band.jpg,MOULD-126B-SB.jpg
MOULD-125B-PI,Digital Pink Fast-Fit  Creasing Band - Pierce 27mm (689),https://www.technifold.com/wp-content/uploads/Pink-Creasing-Band.jpg,MOULD-125B-PI.jpg
MOULD-134B-SX,Digital Pink Fast-Fit Creasing Band - Baum 28mm (946),https://www.technifold.com/wp-content/uploads/Pink-Creasing-Band.jpg,MOULD-134B-SX.jpg
MOULD-137B-X,Digital Pink Fast-Fit Creasing Band - Baumfolder 22mm (359),https://www.technifold.com/wp-content/uploads/Pink-Creasing-Band.jpg,MOULD-137B-X.jpg
MOULD-122BSX,Digital Pink Fast-Fit Creasing Band - GA-Vehren (596) Moll (214) RotoScore 28mm (830),https://www.technifold.com/wp-content/uploads/Pink-Creasing-Band.jpg,MOULD-122BSX.jpg
MOULD-157B,Digital Pink Fast-Fit Creasing Band - GUK 25mm (199) Stahl 25mm (624),https://www.technifold.com/wp-content/uploads/Pink-Creasing-Band.jpg,MOULD-157B.jpg
MOULD-104B-XTRA,Digital Pink Fast-Fit Creasing Band - GUK 35mm (550),https://www.technifold.com/wp-content/uploads/Pink-Creasing-Band.jpg,MOULD-104B-XTRA.jpg
MOULD-102-BX,Digital Pink Fast-Fit Creasing Band - H&H 25mm (401),https://www.technifold.com/wp-content/uploads/Pink-Creasing-Band.jpg,MOULD-102-BX.jpg
MOULD-143B-X,Digital Pink Fast-Fit Creasing Band - H&H 30mm (708),https://www.technifold.com/wp-content/uploads/Pink-Creasing-Band.jpg,MOULD-143B-X.jpg
MOULD-119B-SB,Digital Pink Fast-Fit Creasing Band - H&H 35mm (999),https://www.technifold.com/wp-content/uploads/Pink-Creasing-Band.jpg,MOULD-119B-SB.jpg
MOULD-158B,Digital Pink Fast-Fit Creasing Band - Horizon 30mm (834) MBO 30mm (790),https://www.technifold.com/wp-content/uploads/Pink-Creasing-Band.jpg,MOULD-158B.jpg
MOULD-161B,Digital Pink Fast-Fit Creasing Band - MBO 35mm (566) Stahl 35mm (317) MBO 40mm (503),https://www.technifold.com/wp-content/uploads/Pink-Creasing-Band.jpg,MOULD-161B.jpg
MOULD-140B-X,Digital Pink Fast-Fit Creasing Band - Rollem 25mm (871),https://www.technifold.com/wp-content/uploads/Pink-Creasing-Band.jpg,MOULD-140B-X.jpg
MOULD-125B-SX,Digital Pink Fast-Fit Creasing Band - Rosback 25mm (497),https://www.technifold.com/wp-content/uploads/Pink-Creasing-Band.jpg,MOULD-125B-SX.jpg
MOULD-146B,Digital Pink Fast-Fit Creasing Band - Shoei 15mm (717) Graphic Wizard 15mm (732) Morgana 15mm (972),https://www.technifold.com/wp-content/uploads/Pink-Creasing-Band.jpg,MOULD-146B.jpg
MOULD-125B-SB,Digital Pink Fast-Fit Creasing Band - Smyth 30mm (247),https://www.technifold.com/wp-content/uploads/Pink-Creasing-Band.jpg,MOULD-125B-SB.jpg
MOULD-136B-SX,Digital Red Fast-Fit Creasing Band - Baum 28mm (946),https://www.technifold.com/wp-content/uploads/Red-Creasing-Band.jpg,MOULD-136B-SX.jpg
MOULD-138B-X,Digital Red Fast-Fit Creasing Band - Baumfolder 22mm (359),https://www.technifold.com/wp-content/uploads/Red-Creasing-Band.jpg,MOULD-138B-X.jpg
MOULD-124BSX,Digital Red Fast-Fit Creasing Band - GA-Vehren (596) Moll (214) RotoScore 28mm (830),https://www.technifold.com/wp-content/uploads/Red-Creasing-Band.jpg,MOULD-124BSX.jpg
MOULD-118B-SB,Digital Red Fast-Fit Creasing Band - GUK 20mm (620) MB 20mm (292) Stahl 20mm (435),https://www.technifold.com/wp-content/uploads/Red-Creasing-Band.jpg,MOULD-118B-SB.jpg
MOULD-114B-XTRA,Digital Red Fast-Fit Creasing Band - GUK 35mm (550),https://www.technifold.com/wp-content/uploads/Red-Creasing-Band.jpg,MOULD-114B-XTRA.jpg
MOULD-118-BX,Digital Red Fast-Fit Creasing Band - H&H 25mm (401),https://www.technifold.com/wp-content/uploads/Red-Creasing-Band.jpg,MOULD-118-BX.jpg
MOULD-145B-X,Digital Red Fast-Fit Creasing Band - H&H 30mm (708),https://www.technifold.com/wp-content/uploads/Red-Creasing-Band.jpg,MOULD-145B-X.jpg
MOULD-121B-SB,Digital Red Fast-Fit Creasing Band - H&H 40mm (622) H&H 35mm (999),https://www.technifold.com/wp-content/uploads/Red-Creasing-Band.jpg,MOULD-121B-SB.jpg
MOULD-160B,Digital Red Fast-Fit Creasing Band - Horizon 30mm (834) MBO 30mm (790),https://www.technifold.com/wp-content/uploads/Red-Creasing-Band.jpg,MOULD-160B.jpg
MOULD-163B,Digital Red Fast-Fit Creasing Band - MBO 35mm (566) Stahl 35mm (317) MBO 40mm (503),https://www.technifold.com/wp-content/uploads/Red-Creasing-Band.jpg,MOULD-163B.jpg
MOULD-127B-PI,Digital Red Fast-Fit Creasing Band - Pierce 27mm (689),https://www.technifold.com/wp-content/uploads/Red-Creasing-Band.jpg,MOULD-127B-PI.jpg
MOULD-142B-X,Digital Red Fast-Fit Creasing Band - Rollem 25mm (871),https://www.technifold.com/wp-content/uploads/Red-Creasing-Band.jpg,MOULD-142B-X.jpg
MOULD-127B-SX,Digital Red Fast-Fit Creasing Band - Rosback 25mm (497),https://www.technifold.com/wp-content/uploads/Red-Creasing-Band.jpg,MOULD-127B-SX.jpg
MOULD-127B-SB,Digital Red Fast-Fit Creasing Band - Smyth 30mm (247),https://www.technifold.com/wp-content/uploads/Red-Creasing-Band.jpg,MOULD-127B-SB.jpg
MOULD-155B,Digital Red Fast-Fit Creasing Band -GUK 25mm (199) Stahl 25mm (624),https://www.technifold.com/wp-content/uploads/Red-Creasing-Band.jpg,MOULD-155B.jpg
FF-DSF/35-NY-R,"Digital Red Female Receiver Ring - Heidelberg Stahl 35mm (317), MBO 35mm (566)",https://www.technifold.com/wp-content/uploads/img_0006_1.webp,FF-DSF-35-NY-R.webp
FF-DSF/RO-NY-R,Digital Red Female Receiver Ring - Rollem 25mm (871),https://www.technifold.com/wp-content/uploads/Red-Creasing-Band.jpg,FF-DSF-RO-NY-R.jpg
FF-DSF/35-NY-W,"Digital White Female Receiver Ring - Heidelberg Stahl 35mm (317), MBO 35mm (566)",https://www.technifold.com/wp-content/uploads/img_0011_1.webp,FF-DSF-35-NY-W.webp
FF-DSF/35-NY-Y,"Digital Yellow Female Receiver Ring - Heidelberg Stahl 35mm (317), MBO 35mm (566)",https://www.technifold.com/wp-content/uploads/img_0004.webp,FF-DSF-35-NY-Y.webp
FF-DSF/ROS-NY-Y,Digital Yellow Receiver Ring - Rosback 25mm (497),https://www.technifold.com/wp-content/uploads/Yellow-Creasing-Band.jpg,FF-DSF-ROS-NY-Y.jpg
MOULD-71,"Easy-Fit Black Creasing Band - Stahl 35mm (317), MBO 35mm (550)",https://www.technifold.com/wp-content/uploads/black-gripper-band.jpg,MOULD-71.jpg
MOULD-17,Easy-Fit Blue Creasing Band,https://www.technifold.com/wp-content/uploads/easy-fit-blue-creasing-band.jpg,MOULD-17.jpg
MOULD-78,Easy-Fit Blue Creasing Band - Baum 28mm (946),https://www.technifold.com/wp-content/uploads/easy-fit-blue-creasing-band.jpg,MOULD-78.jpg
MOULD-45,Easy-Fit Blue Creasing Band - Baumfolder 22mm (359) GUK 25mm (199) Stahl 25mm (624),https://www.technifold.com/wp-content/uploads/easy-fit-blue-creasing-band.jpg,MOULD-45.jpg
MOULD-49,Easy-Fit Blue Creasing Band - GA-Vehren (596) Horizon 25mm (552) MBO 30mm (790) Moll (214),https://www.technifold.com/wp-content/uploads/easy-fit-blue-creasing-band.jpg,MOULD-49.jpg
MOULD-53,Easy-Fit Blue Creasing Band - GUK 20mm (620) MB 20mm (292) Stahl 20mm (435),https://www.technifold.com/wp-content/uploads/easy-fit-blue-creasing-band.jpg,MOULD-53.jpg
MOULD-131,Easy-Fit Blue Creasing Band - H&H 25mm (401),https://www.technifold.com/wp-content/uploads/easy-fit-blue-creasing-band.jpg,MOULD-131.jpg
MOULD-74,Easy-Fit Blue Creasing Band - H&H 30mm (708),https://www.technifold.com/wp-content/uploads/easy-fit-blue-creasing-band.jpg,MOULD-74.jpg
MOULD-30,Easy-Fit Blue Creasing Band - H&H 45mm (288) H&H 50mm (419),https://www.technifold.com/wp-content/uploads/easy-fit-blue-creasing-band.jpg,MOULD-30.jpg
MOULD-57,Easy-Fit Blue Creasing Band - Horizon 65mm (200) Pierce 27mm (689) Rosback 25mm (497) Shoei 35/65mm (604),https://www.technifold.com/wp-content/uploads/easy-fit-blue-creasing-band.jpg,MOULD-57.jpg
MOULD-27,Easy-Fit Blue Creasing Band - Zander 40mm (698),https://www.technifold.com/wp-content/uploads/easy-fit-blue-creasing-band.jpg,MOULD-27.jpg
MOULD-29,Easy-Fit Orange Creasing Band - Agor 36mm (811) GUK 35mm (550) H&H 35mm (999) MBO 40mm (503) Multigraf 36mm (409) Petrato 40mm (269) Rollem 25mm (871) Stahl 35mm (317),https://www.technifold.com/wp-content/uploads/easy-fit-orange-creasing-band.jpg,MOULD-29.jpg
MOULD-79,Easy-Fit Orange Creasing Band - Baum 28mm (946),https://www.technifold.com/wp-content/uploads/easy-fit-orange-creasing-band.jpg,MOULD-79.jpg
MOULD-46,Easy-Fit Orange Creasing Band - Baumfolder 22mm (359) GUK 25mm (199) Stahl 25mm (624),https://www.technifold.com/wp-content/uploads/easy-fit-orange-creasing-band.jpg,MOULD-46.jpg
MOULD-50,Easy-Fit Orange Creasing Band - GA-Vehren (596) Horizon 25mm (552) MBO 30mm (790) Moll (214),https://www.technifold.com/wp-content/uploads/easy-fit-orange-creasing-band.jpg,MOULD-50.jpg
MOULD-54,Easy-Fit Orange Creasing Band - GUK 20mm (620) MB 20mm (292) Stahl 20mm (435),https://www.technifold.com/wp-content/uploads/easy-fit-orange-creasing-band.jpg,MOULD-54.jpg
MOULD-133,Easy-Fit Orange Creasing Band - H&H 25mm (401),https://www.technifold.com/wp-content/uploads/easy-fit-orange-creasing-band.jpg,MOULD-133.jpg
MOULD-75,Easy-Fit Orange Creasing Band - H&H 30mm (708),https://www.technifold.com/wp-content/uploads/easy-fit-orange-creasing-band.jpg,MOULD-75.jpg
MOULD-97,Easy-Fit Orange Creasing Band - H&H 45mm (288) H&H 50mm (419),https://www.technifold.com/wp-content/uploads/easy-fit-orange-creasing-band.jpg,MOULD-97.jpg
MOULD-58,Easy-Fit Orange Creasing Band - Horizon 65mm (200) Pierce 27mm (689) Rosback 25mm (497) Shoei 35/65mm (604),https://www.technifold.com/wp-content/uploads/easy-fit-orange-creasing-band.jpg,MOULD-58.jpg
MOULD-43,Easy-Fit Orange Creasing Band - MBO 65mm,https://www.technifold.com/wp-content/uploads/easy-fit-orange-creasing-band.jpg,MOULD-43.jpg
MOULD-48,Easy-Fit Yellow Creasing Band,https://www.technifold.com/wp-content/uploads/easy-fit-yellow-creasing-band.jpg,MOULD-48.jpg
MOULD-16,Easy-Fit Yellow Creasing Band - Agor 36mm (811) GUK 35mm (550) H&H 35mm (999) MBO 40mm (503) Multigraf 36mm (409) Petrato 40mm (269) Rollem 25mm (871) Stahl 35mm (317),https://www.technifold.com/wp-content/uploads/easy-fit-yellow-creasing-band.jpg,MOULD-16.jpg
MOULD-77,Easy-Fit Yellow Creasing Band - Baum 28mm (946),https://www.technifold.com/wp-content/uploads/easy-fit-yellow-creasing-band.jpg,MOULD-77.jpg
MOULD-44,Easy-Fit Yellow Creasing Band - Baumfolder 22mm (359) GUK 25mm (199) Stahl 25mm (624),https://www.technifold.com/wp-content/uploads/easy-fit-yellow-creasing-band.jpg,MOULD-44.jpg
MOULD-52,Easy-Fit Yellow Creasing Band - GUK 20mm (620) MB 20mm (292) Stahl 20mm (435),https://www.technifold.com/wp-content/uploads/easy-fit-yellow-creasing-band.jpg,MOULD-52.jpg
MOULD-132,Easy-Fit Yellow Creasing Band - H&H 25mm (401),https://www.technifold.com/wp-content/uploads/easy-fit-yellow-creasing-band.jpg,MOULD-132.jpg
MOULD-73,Easy-Fit Yellow Creasing Band - H&H 30mm (708),https://www.technifold.com/wp-content/uploads/easy-fit-yellow-creasing-band.jpg,MOULD-73.jpg
MOULD-31,Easy-Fit Yellow Creasing Band - H&H 45mm (288) H&H 50mm (419),https://www.technifold.com/wp-content/uploads/easy-fit-yellow-creasing-band.jpg,MOULD-31.jpg
MOULD-56,Easy-Fit Yellow Creasing Band - Horizon 65mm (200) Pierce 27mm (689) Rosback 25mm (497) Shoei 35/65mm (604),https://www.technifold.com/wp-content/uploads/easy-fit-yellow-creasing-band.jpg,MOULD-56.jpg
MOULD-33,Extra Heavy Gripper Crease for Web Enhancer Yellow Dot,https://www.technifold.com/wp-content/uploads/easy-fit-yellow-creasing-band.jpg,MOULD-33.jpg
MOULD-164-25MM,Fast Fit Black Creasing Band – GUK 25mm (199) Stahl 25mm (624) CreaseStream 25mm (321),https://www.technifold.com/wp-content/uploads/Black-Creasing-Band.jpg,MOULD-164-25MM.jpg
FF-PC/25-R,Fast Fit Red Plastic Creasing Band – GUK 25mm (199) Stahl 25mm (624) CreaseStream 25mm (321),https://www.technifold.com/wp-content/uploads/Red-Creasing-Band.jpg,FF-PC-25-R.jpg
FF-PC/35-R,Fast Fit Red Plastic Creasing Band – MBO 35mm (566) Stahl 35mm (317) MBO 40mm (503),https://www.technifold.com/wp-content/uploads/Red-Creasing-Band.jpg,FF-PC-35-R.jpg
MOULD-123-SX,Fast-Fit  Blue Creasing Band - GA-Vehren (596) Moll (214) RotoScore 28mm (830),https://www.technifold.com/wp-content/uploads/Blue-Creasing-Band.jpg,MOULD-123-SX.jpg
MOULD-72X,Fast-Fit Black Creasing Band - H&H 40mm (622) H&H 35mm (999),https://www.technifold.com/wp-content/uploads/Black-Creasing-Band.jpg,MOULD-72X.jpg
MOULD-164,Fast-Fit Black Creasing Band - MBO 35mm (566) Stahl 35mm (317) MBO 40mm (503),https://www.technifold.com/wp-content/uploads/Black-Creasing-Band.jpg,MOULD-164.jpg
MOULD-135SB,Fast-Fit Blue Creasing Band - Baum 28mm (946),https://www.technifold.com/wp-content/uploads/Blue-Creasing-Band.jpg,MOULD-135SB.jpg
MOULD-139SB,Fast-Fit Blue Creasing Band - Baumfolder 22mm (359),https://www.technifold.com/wp-content/uploads/Blue-Creasing-Band.jpg,MOULD-139SB.jpg
MOULD-117SB,Fast-Fit Blue Creasing Band - GUK 20mm (620) MB 20mm (292) Stahl 20mm (435),https://www.technifold.com/wp-content/uploads/Blue-Creasing-Band.jpg,MOULD-117SB.jpg
MOULD-156,Fast-Fit Blue Creasing Band - GUK 25mm (199) Stahl 25mm (624) CreaseStream 25mm (321),https://www.technifold.com/wp-content/uploads/Blue-Creasing-Band.jpg,MOULD-156.jpg
MOULD-114SB,Fast-Fit Blue Creasing Band - GUK 35mm (550),https://www.technifold.com/wp-content/uploads/Tri-Creaser-Fast-Fit-3-scaled-1.jpeg,MOULD-114SB.jpeg
MOULD-113SB,Fast-Fit Blue Creasing Band - GUK 35mm (550),https://www.technifold.com/wp-content/uploads/Blue-Creasing-Band.jpg,MOULD-113SB.jpg
MOULD-152,Fast-Fit Blue Creasing Band - H&H 20mm (216),https://www.technifold.com/wp-content/uploads/Blue-Creasing-Band.jpg,MOULD-152.jpg
MOULD-144,Fast-Fit Blue Creasing Band - H&H 30mm (708),https://www.technifold.com/wp-content/uploads/Blue-Creasing-Band.jpg,MOULD-144.jpg
MOULD-120SB,Fast-Fit Blue Creasing Band - H&H 40mm (622) H&H 35mm (999),https://www.technifold.com/wp-content/uploads/Blue-Creasing-Band.jpg,MOULD-120SB.jpg
MOULD-159,Fast-Fit Blue Creasing Band - Horizon 30mm (834) MBO 30mm (790) CreaseStream 30mm (577),https://www.technifold.com/wp-content/uploads/Blue-Creasing-Band.jpg,MOULD-159.jpg
MOULD-144X,Fast-Fit Blue Creasing Band - Longford 45mm (336),https://www.technifold.com/wp-content/uploads/Blue-Creasing-Band.jpg,MOULD-144X.jpg
MOULD-162,Fast-Fit Blue Creasing Band - MBO 35mm (566) Stahl 35mm (317) MBO 40mm (503),https://www.technifold.com/wp-content/uploads/Blue-Creasing-Band.jpg,MOULD-162.jpg
MOULD-126PI,Fast-Fit Blue Creasing Band - Pierce 27mm (689),https://www.technifold.com/wp-content/uploads/Blue-Creasing-Band.jpg,MOULD-126PI.jpg
MOULD-141X,Fast-Fit Blue Creasing Band - Rollem 25mm (871),https://www.technifold.com/wp-content/uploads/Blue-Creasing-Band.jpg,MOULD-141X.jpg
MOULD-126X,Fast-Fit Blue Creasing Band - Rosback 25mm (497),https://www.technifold.com/wp-content/uploads/Blue-Creasing-Band.jpg,MOULD-126X.jpg
MOULD-147,Fast-Fit Blue Creasing Band - Shoei 15mm (717) Graphic Wizard 15mm (732) Morgana 15mm (972),https://www.technifold.com/wp-content/uploads/Blue-Creasing-Band.jpg,MOULD-147.jpg
MOULD-117B-SB,Fast-Fit Blue Enduracrease Creasing Band - GUK 20mm (620) MB 20mm (292) Stahl 20mm (435),https://www.technifold.com/wp-content/uploads/Blue-Creasing-Band.jpg,MOULD-117B-SB.jpg
MOULD-151,Fast-Fit Orange Creasing Band,https://www.technifold.com/wp-content/uploads/Orange-Creasing-Band.jpg,MOULD-151.jpg
MOULD-136SB,Fast-Fit Orange Creasing Band - Baum 28mm (946),https://www.technifold.com/wp-content/uploads/tri-creasing-fast-fit-tool.jpg,MOULD-136SB.jpg
MOULD-138SB,Fast-Fit Orange Creasing Band - Baumfolder 22mm (359),https://www.technifold.com/wp-content/uploads/tri-creasing-fast-fit-tool.jpg,MOULD-138SB.jpg
MOULD-124-SX,Fast-Fit Orange Creasing Band - GA-Vehren (596) Moll (214) RotoScore 28mm (830),https://www.technifold.com/wp-content/uploads/Orange-Creasing-Band.jpg,MOULD-124-SX.jpg
MOULD-118SB,Fast-Fit Orange Creasing Band - GUK 20mm (620) MB 20mm (292) Stahl 20mm (435),https://www.technifold.com/wp-content/uploads/tri-creasing-fast-fit-tool.jpg,MOULD-118SB.jpg
MOULD-155,Fast-Fit Orange Creasing Band - GUK 25mm (199) Stahl 25mm (624) CreaseStream 25mm (321),https://www.technifold.com/wp-content/uploads/Orange-Creasing-Band.jpg,MOULD-155.jpg
MOULD-145,Fast-Fit Orange Creasing Band - H&H 30mm (708),https://www.technifold.com/wp-content/uploads/Orange-Creasing-Band.jpg,MOULD-145.jpg
MOULD-121SB,Fast-Fit Orange Creasing Band - H&H 40mm (622) H&H 35mm (999),https://www.technifold.com/wp-content/uploads/Orange-Creasing-Band.jpg,MOULD-121SB.jpg
MOULD-160,Fast-Fit Orange Creasing Band - Horizon 30mm (834) MBO 30mm (790) CreaseStream 30mm (577),https://www.technifold.com/wp-content/uploads/Orange-Creasing-Band.jpg,MOULD-160.jpg
MOULD-163,Fast-Fit Orange Creasing Band - MBO 35mm (566) Stahl 35mm (317) MBO 40mm (503),https://www.technifold.com/wp-content/uploads/Orange-Creasing-Band.jpg,MOULD-163.jpg
MOULD-127PI,Fast-Fit Orange Creasing Band - Pierce 27mm (689),https://www.technifold.com/wp-content/uploads/Tri-Creaser-Fast-Fit-3-scaled-1.jpeg,MOULD-127PI.jpeg
MOULD-142X,Fast-Fit Orange Creasing Band - Rollem 25mm (871),https://www.technifold.com/wp-content/uploads/Tri-Creaser-Fast-Fit-3-scaled-1.jpeg,MOULD-142X.jpeg
MOULD-127X,Fast-Fit Orange Creasing Band - Rosback 25mm (497),https://www.technifold.com/wp-content/uploads/Tri-Creaser-Fast-Fit-3-scaled-1.jpeg,MOULD-127X.jpeg
MOULD-134SB,Fast-Fit Yellow Creasing Band - Baum 28mm (946),https://www.technifold.com/wp-content/uploads/Yellow-Creasing-Band.jpg,MOULD-134SB.jpg
MOULD-137SB,Fast-Fit Yellow Creasing Band - Baumfolder 22mm (359),https://www.technifold.com/wp-content/uploads/Yellow-Creasing-Band.jpg,MOULD-137SB.jpg
MOULD-122-SX,Fast-Fit Yellow Creasing Band - GA-Vehren (596) Moll (214) RotoScore 28mm (830),https://www.technifold.com/wp-content/uploads/Yellow-Creasing-Band.jpg,MOULD-122-SX.jpg
MOULD-102SB,Fast-Fit Yellow Creasing Band - GUK 20mm (620) MB 20mm (292) Stahl 20mm (435),https://www.technifold.com/wp-content/uploads/Yellow-Creasing-Band.jpg,MOULD-102SB.jpg
MOULD-157,Fast-Fit Yellow Creasing Band - GUK 25mm (199) Stahl 25mm (624) CreaseStream 25mm (321),https://www.technifold.com/wp-content/uploads/Yellow-Creasing-Band.jpg,MOULD-157.jpg
MOULD-104SB,Fast-Fit Yellow Creasing Band - GUK 35mm (550),https://www.technifold.com/wp-content/uploads/Yellow-Creasing-Band.jpg,MOULD-104SB.jpg
MOULD-104,Fast-Fit Yellow Creasing Band - GUK 35mm (550),https://www.technifold.com/wp-content/uploads/Yellow-Creasing-Band.jpg,MOULD-104.jpg
MOULD-143,Fast-Fit Yellow Creasing Band - H&H 30mm (708),https://www.technifold.com/wp-content/uploads/Yellow-Creasing-Band.jpg,MOULD-143.jpg
MOULD-119SB,Fast-Fit Yellow Creasing Band - H&H 35mm (999),https://www.technifold.com/wp-content/uploads/Yellow-Creasing-Band.jpg,MOULD-119SB.jpg
MOULD-158,Fast-Fit Yellow Creasing Band - Horizon 30mm (834) MBO 30mm (790) CreaseStream 30mm (577),https://www.technifold.com/wp-content/uploads/Yellow-Creasing-Band.jpg,MOULD-158.jpg
MOULD-143X,Fast-Fit Yellow Creasing Band - Longford 45mm (336),https://www.technifold.com/wp-content/uploads/Yellow-Creasing-Band.jpg,MOULD-143X.jpg
MOULD-161,Fast-Fit Yellow Creasing Band - MBO 35mm (566) Stahl 35mm (317) MBO 40mm (503),https://www.technifold.com/wp-content/uploads/Yellow-Creasing-Band.jpg,MOULD-161.jpg
MOULD-125PI,Fast-Fit Yellow Creasing Band - Pierce 27mm (689),https://www.technifold.com/wp-content/uploads/Yellow-Creasing-Band.jpg,MOULD-125PI.jpg
MOULD-140X,Fast-Fit Yellow Creasing Band - Rollem 25mm (871),https://www.technifold.com/wp-content/uploads/Yellow-Creasing-Band.jpg,MOULD-140X.jpg
MOULD-125X,Fast-Fit Yellow Creasing Band - Rosback 25mm (497),https://www.technifold.com/wp-content/uploads/Yellow-Creasing-Band.jpg,MOULD-125X.jpg
MOULD-146,Fast-Fit Yellow Creasing Band - Shoei 15mm (717) Graphic Wizard 15mm (732) Morgana 15mm (972),https://www.technifold.com/wp-content/uploads/Yellow-Creasing-Band.jpg,MOULD-146.jpg
MOULD-28,Fast-Fit Yellow Creasing Band - Zander 40mm (698),https://www.technifold.com/wp-content/uploads/easy-fit-yellow-creasing-band.jpg,MOULD-28.jpg
MOULD-86X-Y,Fast-Fit Yellow/Black Creasing Band - Longford 45mm (336),https://www.technifold.com/wp-content/uploads/Yellow-Creasing-Band.jpg,MOULD-86X-Y.jpg
CSM/BELT-30X2-6,Feeder belt for CreaseStream machines,https://www.technifold.com/wp-content/uploads/feed-belt-for-web-shop.jpg,CSM-BELT-30X2-6.jpg
CK-25-02,Kiss Cutting Knife - GUK 25mm (199) Stahl 25mm (624) CreaseStream 25mm (321),https://www.technifold.com/wp-content/uploads/cutting-knife.jpg,CK-25-02.jpg
QC-DEL-KB-94/PC,Kolbus 94 Nylon Rib 94.95mm,https://www.technifold.com/wp-content/uploads/Black-Creasing-Band.jpg,QC-DEL-KB-94-PC.jpg
CK-03,Long Cutting Knife - Agor 36mm (811) H&H 35mm (999) MBO 35mm (566) Multigraf 36mm (409) Stahl 35mm (317),https://www.technifold.com/wp-content/uploads/cutting-knife.jpg,CK-03.jpg
CK-BF/28-03,Long Cutting Knife - Baum 28mm (946),https://www.technifold.com/wp-content/uploads/cutting-knife.jpg,CK-BF-28-03.jpg
CK-MB-03,Long Cutting Knife - GUK 20mm (620) MB 20mm (292) Stahl 20mm (435),https://www.technifold.com/wp-content/uploads/cutting-knife.jpg,CK-MB-03.jpg
CK-25-03,Long Cutting Knife - GUK 25mm (199) Stahl 25mm (624),https://www.technifold.com/wp-content/uploads/cutting-knife.jpg,CK-25-03.jpg
CK-GUK-03,Long Cutting Knife - GUK 35mm (550),https://www.technifold.com/wp-content/uploads/cutting-knife.jpg,CK-GUK-03.jpg
CK-HH/30-3,Long Cutting Knife - H&H 30mm (708),https://www.technifold.com/wp-content/uploads/cutting-knife.jpg,CK-HH-30-3.jpg
CK-MF/40-03,Long Cutting Knife - H&H 40mm (622) MBO 40mm (503),https://www.technifold.com/wp-content/uploads/cutting-knife.jpg,CK-MF-40-03.jpg
CK-HH/45-02,Long Cutting Knife - H&H 45mm (288),https://www.technifold.com/wp-content/uploads/cutting-knife.jpg,CK-HH-45-02.jpg
CK-30-03,Long Cutting Knife - Horizon 30mm (834) MBO 30mm (790),https://www.technifold.com/wp-content/uploads/cutting-knife.jpg,CK-30-03.jpg
CK-SH/55-02,Long Cutting Knife - Shoei 35/55mm (499),https://www.technifold.com/wp-content/uploads/cutting-knife.jpg,CK-SH-55-02.jpg
MOULD-102,Lugged Fast-Fit Yellow Creasing Band - H&H 25mm (401),https://www.technifold.com/wp-content/uploads/Yellow-Creasing-Band.jpg,MOULD-102.jpg
QC-MU-ADJ-30/50-RENT,Muller Adjustable 30/50 Quad-Creaser - Monthly Rental,https://www.technifold.com/wp-content/uploads/muller-binder-001-scaled.jpg,QC-MU-ADJ-30-50-RENT.jpg
SC-MU/PC-RB-5-Y,Muller Spine & Hinge Creaser Yellow Split,https://www.technifold.com/wp-content/uploads/Yellow-Creasing-Band.jpg,SC-MU-PC-RB-5-Y.jpg
MOULD-12,Orange Dot Insert - for 35/36mm Shaft,https://www.technifold.com/wp-content/uploads/0219.jpg,MOULD-12.jpg
QC-MU-PA01/PC-O-T,Orange Light Creasing Rib Panda 2 top shaft/single chamfer,https://www.technifold.com/wp-content/uploads/Orange-Creasing-Band.jpg,QC-MU-PA01-PC-O-T.jpg
QC-MU-PA01/PC-O-B,Orange Light Nylon Creasing Rib Panda 2 bottom shaft/double,https://www.technifold.com/wp-content/uploads/Orange-Creasing-Band.jpg,QC-MU-PA01-PC-O-B.jpg
MOULD-93X,Orange Split Gripper Crease Muller Adjustable,https://www.technifold.com/wp-content/uploads/Orange-Creasing-Band.jpg,MOULD-93X.jpg
MOULD-09,Pink Dot Insert - for 25/30mm Shaft,https://www.technifold.com/wp-content/uploads/0219.jpg,MOULD-09.jpg
QC-DEL-WO/98-ADJ-PC-B,Quad Creaser Blue Dot Plastic Creasing Rib,https://www.technifold.com/wp-content/uploads/0238-blue.webp,QC-DEL-WO-98-ADJ-PC-B.webp
MOULD-129-SX,Quad Creaser Blue Rib for Vareo Binder,https://www.technifold.com/wp-content/uploads/Blue-Creasing-Band.jpg,MOULD-129-SX.jpg
QC-DEL-WO/98-ADJ-PC-O,Quad Creaser Orange Dot Plastic Creasing Rib,https://www.technifold.com/wp-content/uploads/0238-orange.webp,QC-DEL-WO-98-ADJ-PC-O.webp
MOULD-128-SX,Quad Creaser Orange Rib for Vareo Binder,https://www.technifold.com/wp-content/uploads/Orange-Creasing-Band.jpg,MOULD-128-SX.jpg
QC-DEL-WO/98-ADJ-PC-Y,Quad Creaser Yellow Dot Plastic Creasing Rib,https://www.technifold.com/wp-content/uploads/0238.webp,QC-DEL-WO-98-ADJ-PC-Y.webp
MOULD-130-SX,Quad Creaser Yellow Rib for Vareo Binder,https://www.technifold.com/wp-content/uploads/Yellow-Creasing-Band.jpg,MOULD-130-SX.jpg
MOULD-86,Quad-Creaser Black Split Creasing Rib,https://www.technifold.com/wp-content/uploads/Black-Creasing-Band.jpg,MOULD-86.jpg
MOULD-82,Quad-Creaser Black Split Creasing Rib,https://www.technifold.com/wp-content/uploads/Black-Creasing-Band.jpg,MOULD-82.jpg
MOULD-174,Quad-Creaser Black Split Creasing Rib,https://www.technifold.com/wp-content/uploads/Black-Creasing-Band.jpg,MOULD-174.jpg
MOULD-87,Quad-Creaser Black Split Gripper Crease,https://www.technifold.com/wp-content/uploads/Black-Creasing-Band.jpg,MOULD-87.jpg
MOULD-85,Quad-Creaser Black Split Gripper Crease,https://www.technifold.com/wp-content/uploads/Black-Creasing-Band.jpg,MOULD-85.jpg
MOULD-82-X,Quad-Creaser Black Split Gripper Crease,https://www.technifold.com/wp-content/uploads/Black-Creasing-Band.jpg,MOULD-82-X.jpg
QC-MU-PAN/PC,Quad-Creaser Black Split Plastic Creasing Rib,https://www.technifold.com/wp-content/uploads/Black-Creasing-Band.jpg,QC-MU-PAN-PC.jpg
QC-MU-PA01/PC-T,Quad-Creaser Black Split Plastic Creasing Rib,https://www.technifold.com/wp-content/uploads/Black-Creasing-Band.jpg,QC-MU-PA01-PC-T.jpg
QC-MU-PA01/PC-B,Quad-Creaser Black Split Plastic Creasing Rib,https://www.technifold.com/wp-content/uploads/Black-Creasing-Band.jpg,QC-MU-PA01-PC-B.jpg
QC-MU-ALE/PC-BLK,Quad-Creaser Black Split Plastic Creasing Rib,https://www.technifold.com/wp-content/uploads/Black-Creasing-Band.jpg,QC-MU-ALE-PC-BLK.jpg
QC-KB-94,Quad-Creaser Black Split Plastic Creasing Rib,https://www.technifold.com/wp-content/uploads/Black-Creasing-Band.jpg,QC-KB-94.jpg
QC-DEL-WO-98/PC,Quad-Creaser Black Split Plastic Creasing Rib,https://www.technifold.com/wp-content/uploads/Black-Creasing-Band.jpg,QC-DEL-WO-98-PC.jpg
QC-DEL-UB-6-01/PC,Quad-Creaser Black Split Plastic Creasing Rib,https://www.technifold.com/wp-content/uploads/Black-Creasing-Band.jpg,QC-DEL-UB-6-01-PC.jpg
QC-DEL-UB-6/PC,Quad-Creaser Black Split Plastic Creasing Rib,https://www.technifold.com/wp-content/uploads/Black-Creasing-Band.jpg,QC-DEL-UB-6-PC.jpg
SC-MU/PC-RB-5-MOD,Quad-Creaser Black Split Plastic Creasing Rib,https://www.technifold.com/wp-content/uploads/Black-Creasing-Band.jpg,SC-MU-PC-RB-5-MOD.jpg
QC-DEL-MPB/PC-B,Quad-Creaser Black Split Plastic Creasing Rib,https://www.technifold.com/wp-content/uploads/Black-Creasing-Band.jpg,QC-DEL-MPB-PC-B.jpg
QC-KB-94-B,Quad-Creaser Blue Dot Split Plastic Creasing Rib,https://www.technifold.com/wp-content/uploads/0238-blue.webp,QC-KB-94-B.webp
MOULD-167X,Quad-Creaser Blue Split Creasing Rib,https://www.technifold.com/wp-content/uploads/Blue-Creasing-Band.jpg,MOULD-167X.jpg
MOULD-167,Quad-Creaser Blue Split Creasing Rib,https://www.technifold.com/wp-content/uploads/Blue-Creasing-Band.jpg,MOULD-167.jpg
MOULD-115X,Quad-Creaser Blue Split Creasing Rib,https://www.technifold.com/wp-content/uploads/Blue-Creasing-Band.jpg,MOULD-115X.jpg
MOULD-92,Quad-Creaser Blue Split Creasing Rib,https://www.technifold.com/wp-content/uploads/Blue-Creasing-Band.jpg,MOULD-92.jpg
MOULD-129,Quad-Creaser Blue Split Creasing Rib,https://www.technifold.com/wp-content/uploads/Blue-Creasing-Band.jpg,MOULD-129.jpg
QC-MU-PAN/PC-B,Quad-Creaser Blue Split Plastic Creasing Rib,https://www.technifold.com/wp-content/uploads/Blue-Creasing-Band.jpg,QC-MU-PAN-PC-B.jpg
QC-DEL-UB-6-01/PC-B,Quad-Creaser Blue Split Plastic Creasing Rib,https://www.technifold.com/wp-content/uploads/Blue-Creasing-Band.jpg,QC-DEL-UB-6-01-PC-B.jpg
QC-DEL-GO-6/PC-B,Quad-Creaser Blue Split Plastic Creasing Rib,https://www.technifold.com/wp-content/uploads/Blue-Creasing-Band.jpg,QC-DEL-GO-6-PC-B.jpg
SC-MU/PC-RB-5-B-MOD,Quad-Creaser Blue Split Plastic Creasing Rib,https://www.technifold.com/wp-content/uploads/Blue-Creasing-Band.jpg,SC-MU-PC-RB-5-B-MOD.jpg
QC-KB-94-O,Quad-Creaser Orange Dot Split Plastic Creasing Rib,https://www.technifold.com/wp-content/uploads/0238-orange.webp,QC-KB-94-O.webp
QC-DEL-WO-98/PC-O,Quad-Creaser Orange Dot Split Plastic Creasing Rib,https://www.technifold.com/wp-content/uploads/0238-orange.webp,QC-DEL-WO-98-PC-O.webp
MOULD-169X,Quad-Creaser Orange Split Creasing Rib,https://www.technifold.com/wp-content/uploads/Orange-Creasing-Band.jpg,MOULD-169X.jpg
MOULD-169,Quad-Creaser Orange Split Creasing Rib,https://www.technifold.com/wp-content/uploads/Orange-Creasing-Band.jpg,MOULD-169.jpg
MOULD-128,Quad-Creaser Orange Split Creasing Rib,https://www.technifold.com/wp-content/uploads/Orange-Creasing-Band.jpg,MOULD-128.jpg
MOULD-93,Quad-Creaser Orange Split Creasing Rib,https://www.technifold.com/wp-content/uploads/Orange-Creasing-Band.jpg,MOULD-93.jpg
MOULD-41,Quad-Creaser Pink Split Gripper Crease,https://www.technifold.com/wp-content/uploads/Pink-Creasing-Band.jpg,MOULD-41.jpg
SC-MU/PC-RB-5-R,Quad-Creaser Red Split Plastic Creasing Rib,https://www.technifold.com/wp-content/uploads/Red-Creasing-Band.jpg,SC-MU-PC-RB-5-R.jpg
QC-DEL-MPB/PC-R,Quad-Creaser Red Split Plastic Creasing Rib,https://www.technifold.com/wp-content/uploads/Red-Creasing-Band.jpg,QC-DEL-MPB-PC-R.jpg
QC-MU-PA01/PC-W-T,Quad-Creaser White Dot Split Plastic Creasing Rib,https://www.technifold.com/wp-content/uploads/0238-white.webp,QC-MU-PA01-PC-W-T.webp
QC-MU-PA01/PC-W-B,Quad-Creaser White Dot Split Plastic Creasing Rib,https://www.technifold.com/wp-content/uploads/white-creaser-band.jpg,QC-MU-PA01-PC-W-B.jpg
QC-KB-94-W,Quad-Creaser White Dot Split Plastic Creasing Rib,https://www.technifold.com/wp-content/uploads/0238-white.webp,QC-KB-94-W.webp
QC-DEL-WO-98/PC-W,Quad-Creaser White Dot Split Plastic Creasing Rib,https://www.technifold.com/wp-content/uploads/0238-white.webp,QC-DEL-WO-98-PC-W.webp
QC-DEL-UB-6/PC-EXH,Quad-Creaser White Dot Split Plastic Creasing Rib,https://www.technifold.com/wp-content/uploads/0238-white.webp,QC-DEL-UB-6-PC-EXH.webp
SC-MU/PC-RB-5-W-MOD,Quad-Creaser White Split Plastic Creasing Rib,https://www.technifold.com/wp-content/uploads/white-creaser-band.jpg,SC-MU-PC-RB-5-W-MOD.jpg
QC-DEL-KB-26/PC,Quad-Creaser White Split Plastic Creasing Rib,https://www.technifold.com/wp-content/uploads/white-creaser-band.jpg,QC-DEL-KB-26-PC.jpg
QC-MU-PA01/PC-Y-T,Quad-Creaser Yellow Dot Split Plastic Creasing Rib,https://www.technifold.com/wp-content/uploads/0238.webp,QC-MU-PA01-PC-Y-T.webp
QC-MU-PA01/PC-Y-B,Quad-Creaser Yellow Dot Split Plastic Creasing Rib,https://www.technifold.com/wp-content/uploads/0238.webp,QC-MU-PA01-PC-Y-B.webp
QC-KB-94-Y,Quad-Creaser Yellow Dot Split Plastic Creasing Rib,https://www.technifold.com/wp-content/uploads/0238.webp,QC-KB-94-Y.webp
MOULD-170X,Quad-Creaser Yellow Split Creasing Rib,https://www.technifold.com/wp-content/uploads/Yellow-Creasing-Band.jpg,MOULD-170X.jpg
MOULD-130,Quad-Creaser Yellow Split Creasing Rib,https://www.technifold.com/wp-content/uploads/Yellow-Creasing-Band.jpg,MOULD-130.jpg
MOULD-103X,Quad-Creaser Yellow Split Creasing Rib,https://www.technifold.com/wp-content/uploads/Yellow-Creasing-Band.jpg,MOULD-103X.jpg
MOULD-91,Quad-Creaser Yellow Split Creasing Rib,https://www.technifold.com/wp-content/uploads/Yellow-Creasing-Band.jpg,MOULD-91.jpg
MOULD-170,Quad-Creaser Yellow Split Creasing Rib,https://www.technifold.com/wp-content/uploads/Yellow-Creasing-Band.jpg,MOULD-170.jpg
QC-MU-ALE/PC-Y,Quad-Creaser Yellow Split Plastic Creasing Rib,https://www.technifold.com/wp-content/uploads/Yellow-Creasing-Band.jpg,QC-MU-ALE-PC-Y.jpg
QC-DEL-MPB/PC-Y,Quad-Creaser Yellow Split Plastic Creasing Rib,https://www.technifold.com/wp-content/uploads/Yellow-Creasing-Band.jpg,QC-DEL-MPB-PC-Y.jpg
QC-DEL-KB-26/PC-Y,Quad-Creaser Yellow Split Plastic Creasing Rib,https://www.technifold.com/wp-content/uploads/Yellow-Creasing-Band.jpg,QC-DEL-KB-26-PC-Y.jpg
QC-DEL-GO-6/PC-Y,Quad-Creaser Yellow Split Plastic Creasing Rib,https://www.technifold.com/wp-content/uploads/Yellow-Creasing-Band.jpg,QC-DEL-GO-6-PC-Y.jpg
SC-MU/PC-RB-5-Y-MOD,Quad-Creaser Yellow Split Plastic Creasing Rib,https://www.technifold.com/wp-content/uploads/Yellow-Creasing-Band.jpg,SC-MU-PC-RB-5-Y-MOD.jpg
MOULD-08,Red Dot Insert - for 25/30mm Shaft,https://www.technifold.com/wp-content/uploads/0219.jpg,MOULD-08.jpg
FF-PC-HO/50-R,Red Plastic Creasing Band - Econocrease (444),https://www.technifold.com/wp-content/uploads/Red-Creasing-Band.jpg,FF-PC-HO-50-R.jpg
FF-PC/DM-R,Red Plastic Creasing Band - Moll (214),https://www.technifold.com/wp-content/uploads/Red-Creasing-Band.jpg,FF-PC-DM-R.jpg
FF-PC-RO/25-R,Red Plastic Creasing Band - Rollem 25mm (871),https://www.technifold.com/wp-content/uploads/Red-Creasing-Band.jpg,FF-PC-RO-25-R.jpg
MU-RED-TA,Red Self-Adhesive Tape for Creasing Matrix,https://www.technifold.com/wp-content/uploads/0144.jpg,MU-RED-TA.jpg
HO-ST/BL-PC,Spine & Quad Creaser Blue Split Plastic Creasing Rib,https://www.technifold.com/wp-content/uploads/Blue-Creasing-Band.jpg,HO-ST-BL-PC.jpg
HO-ST/YE-PC,Spine & Quad Creaser Yellow Split Plastic Creasing Rib,https://www.technifold.com/wp-content/uploads/Yellow-Creasing-Band.jpg,HO-ST-YE-PC.jpg
MOULD-05,Spine-Creaser (Heavy) Yellow Creasing Matrix,https://www.technifold.com/wp-content/uploads/m05.jpg,MOULD-05.jpg
MOULD-26,Spine-Creaser (Medium) Black Creasing Matrix,https://www.technifold.com/wp-content/uploads/0226-m26.jpg,MOULD-26.jpg
MOULD-36,Spine-Creaser Black Creasing Matrix,https://www.technifold.com/wp-content/uploads/0235.jpg,MOULD-36.jpg
MOULD-182,Spine-Creaser Black Split Gripper Crease,https://www.technifold.com/wp-content/uploads/Black-Creasing-Band.jpg,MOULD-182.jpg
MOULD-174SX,Spine-Creaser Black Split Gripper Crease,https://www.technifold.com/wp-content/uploads/Black-Creasing-Band.jpg,MOULD-174SX.jpg
MOULD-60,Spine-Creaser Blue Creasing Matrix,https://www.technifold.com/wp-content/uploads/0226-m60.jpg,MOULD-60.jpg
MOULD-153,Spine-Creaser Blue Creasing Matrix,https://www.technifold.com/wp-content/uploads/m153.jpg,MOULD-153.jpg
MOULD-180,Spine-Creaser Blue Split Gripper Crease,https://www.technifold.com/wp-content/uploads/Blue-Creasing-Band.jpg,MOULD-180.jpg
MOULD-154,Spine-Creaser Orange Creasing Matrix,https://www.technifold.com/wp-content/uploads/0228-orange.jpg,MOULD-154.jpg
MOULD-171,Spine-Creaser Orange Hole-Punch-End Creasing Matrix,https://www.technifold.com/wp-content/uploads/0236-orange.jpg,MOULD-171.jpg
MOULD-24,Spine-Creaser Orange Spade-End Creasing Matrix,https://www.technifold.com/wp-content/uploads/0042-orange-creasing-matrix-spade.jpg.jpg,MOULD-24.jpg
MOULD-179,Spine-Creaser Orange Split Gripper Crease,https://www.technifold.com/wp-content/uploads/Orange-Creasing-Band.jpg,MOULD-179.jpg
MOULD-172,Spine-Creaser White (Now Blue) Hole-Punch-End Creasing Matrix,https://www.technifold.com/wp-content/uploads/0236-white.jpg,MOULD-172.jpg
MOULD-23,Spine-Creaser White (now blue) Spade-End Creasing Matrix,https://www.technifold.com/wp-content/uploads/0043-white-creasing-matrix-spade.jpg.jpg,MOULD-23.jpg
MOULD-01,Spine-Creaser Yellow Creasing Matrix,https://www.technifold.com/wp-content/uploads/0228-yellow.jpg,MOULD-01.jpg
MOULD-173,Spine-Creaser Yellow Hole-Punch-End Creasing Matrix,https://www.technifold.com/wp-content/uploads/0236-yellow.jpg,MOULD-173.jpg
MOULD-22,Spine-Creaser Yellow Spade-End Creasing Matrix,https://www.technifold.com/wp-content/uploads/0044-yellow-creasing-matrix-spade.jpg.jpg,MOULD-22.jpg
MOULD-181,Spine-Creaser Yellow Split Gripper Crease,https://www.technifold.com/wp-content/uploads/Yellow-Creasing-Band.jpg,MOULD-181.jpg
MOULD-164B,Tri-Creaser Fast Fit Black Endura Split Gripper Crease,https://www.technifold.com/wp-content/uploads/Black-Creasing-Band.jpg,MOULD-164B.jpg
MOULD-164-DM,Tri-Creaser Fast Fit Black Split Gripper Crease,https://www.technifold.com/wp-content/uploads/Black-Creasing-Band.jpg,MOULD-164-DM.jpg
FF-PC/30,Tri-Creaser Fast Fit Black Split Plastic Creasing Rib – Horizon 30mm (834) MBO 30mm (790) CreaseStream 30mm (577),https://www.technifold.com/wp-content/uploads/Black-Creasing-Band.jpg,FF-PC-30.jpg
MOULD-65,Tri-Creaser Fast Fit Blue Split Gripper Crease with lugs,https://www.technifold.com/wp-content/uploads/blue-lugged-creasing-band.jpg,MOULD-65.jpg
MOULD-111,Tri-Creaser Fast Fit Blue Split Gripper Crease with lugs,https://www.technifold.com/wp-content/uploads/blue-lugged-creasing-band.jpg,MOULD-111.jpg
MOULD-107,Tri-Creaser Fast Fit Blue Split Gripper Crease with lugs,https://www.technifold.com/wp-content/uploads/blue-lugged-creasing-band.jpg,MOULD-107.jpg
MOULD-127SB,Tri-Creaser Fast Fit Orange Split Gripper Crease,https://www.technifold.com/wp-content/uploads/Orange-Creasing-Band.jpg,MOULD-127SB.jpg
MOULD-66,Tri-Creaser Fast Fit Orange Split Gripper Crease with lugs,https://www.technifold.com/wp-content/uploads/orange-lugged-creasing-band.jpg,MOULD-66.jpg
MOULD-101,Tri-Creaser Fast Fit Orange Split Gripper Crease with lugs,https://www.technifold.com/wp-content/uploads/orange-lugged-creasing-band.jpg,MOULD-101.jpg
FF-PC/30-R,Tri-Creaser Fast Fit Red Split Plastic Creasing Rib – Horizon 30mm (834) MBO 30mm (790) CreaseStream 30mm (577),https://www.technifold.com/wp-content/uploads/Red-Creasing-Band.jpg,FF-PC-30-R.jpg
MOULD-105B,Tri-Creaser Fast Fit Yellow Endura Split Gripper Crease with lugs,https://www.technifold.com/wp-content/uploads/yellow-lugged-creasing-band.jpg,MOULD-105B.jpg
MOULD-64,Tri-Creaser Fast Fit Yellow Split Gripper Crease with lugs,https://www.technifold.com/wp-content/uploads/yellow-lugged-creasing-band.jpg,MOULD-64.jpg
MOULD-108,Tri-Creaser Fast Fit Yellow Split Gripper Crease with lugs,https://www.technifold.com/wp-content/uploads/yellow-lugged-creasing-band.jpg,MOULD-108.jpg
FF-PC/35-Y,Tri-Creaser Fast Fit Yellow Split Plastic Creasing Rib,https://www.technifold.com/wp-content/uploads/Yellow-Creasing-Band.jpg,FF-PC-35-Y.jpg
FF-PC/30-Y,Tri-Creaser Fast Fit Yellow Split Plastic Creasing Rib – Horizon 30mm (834) MBO 30mm (790) CreaseStream 30mm (577),https://www.technifold.com/wp-content/uploads/Yellow-Creasing-Band.jpg,FF-PC-30-Y.jpg
MOULD-13,White Dot Insert - for 35/36mm Shaft,https://www.technifold.com/wp-content/uploads/0219.jpg,MOULD-13.jpg
GRIP-003,White Gripper Band,https://www.technifold.com/wp-content/uploads/grip003.jpg,GRIP-003.jpg
EF-PC-HH/67.5-WH,White Plastic Creasing Band - H&H 45mm (288),https://www.technifold.com/wp-content/uploads/white-creaser-band.jpg,EF-PC-HH-67.5-WH.jpg
HO-ST/WH-PC,White Ultra heavy and widest plastic creasing band for Horizon Stitchliner,https://www.technifold.com/wp-content/uploads/white-creaser-band.jpg,HO-ST-WH-PC.jpg
MOULD-140,Yellow Fast-Fit Rosback Split Lugged Gripper Crease (497),https://www.technifold.com/wp-content/uploads/yellow-lugged-creasing-band.jpg,MOULD-140.jpg
FF-PC-HO/50-Y,Yellow Plastic Creasing Band - Econocrease (444),https://www.technifold.com/wp-content/uploads/Yellow-Creasing-Band.jpg,FF-PC-HO-50-Y.jpg
FF-PC-RO/25-Y,Yellow Plastic Creasing Band - Rollem 25mm (871),https://www.technifold.com/wp-content/uploads/Yellow-Creasing-Band.jpg,FF-PC-RO-25-Y.jpg
FF-PC-ZA/40-Y,Yellow Plastic Creasing Band - Zander 40mm (698),https://www.technifold.com/wp-content/uploads/Yellow-Creasing-Band.jpg,FF-PC-ZA-40-Y.jpg
FF-PC/DM-Y,Yellow Section Scoring Band - Moll (214),https://www.technifold.com/wp-content/uploads/Yellow-Creasing-Band.jpg,FF-PC-DM-Y.jpg
Mould-89,Yellow Spine Creasing Band for Horizon Stitchliner,https://www.technifold.com/wp-content/uploads/Yellow-Creasing-Band.jpg,Mould-89.jpg
