,
Product Code,List Price £
0.1MM/SHIM-SPACER,1.64
0.5MM/SHIM-SPACER,1.64
10MMX14-SCREWS,3.00
10MMX18-SCREWS,3.00
1MM/SHIM-SPACER,1.64
2.5MM-ALL-TOOL,6.85
25MM-HO-SPRING,3.00
2MM-HEX-TOOL,6.85
3MM-HEX-TOOL,6.85
3MM-L-WRE,6.85
4MM-ALL-TOOL,6.85
4MM-HEX-TOOL,6.85
4MMX4,3.00
503700400,3.50
50MM-BOLT,2.03
5MM-HEX-TOOL,6.85
5MM-L-WRE-BALL,6.85
5MM-LO/HEX-WRE,6.85
5MMX10-SCREWS,3.00
5MMX35-SCREWS,3.00
5MMX6-DOM-SCREWS,3.00
6MM-SCREWS,3.00
6MMX36-SCREWS,3.00
6MMX6.5SCREWS,3.00
6MMX8-SCREWS,3.00
6X25SCREWS,3.00
8MMX6-SCREWS,3.00
8TORX-TOOL,6.85
AGOR-1,1480.00
AGOR-2,1480.00
AGOR-3,1480.00
C-SPAN68.75,20.55
CB-01,85.00
CB-02,85.00
CB-02/CD,98.00
CB-25-01,85.00
CB-30-01,85.00
CB-BF/28-01,85.00
CB-GUK-01,85.00
CB-HH-01,85.00
CB-HH-02,85.00
CB-HH-25,108.00
CB-HH-30,85.00
CB-HH-40,85.00
CB-HO-01,85.00
CB-MB-01,85.00
CB-MF/40-01,85.00
CB-SH/55-01,85.00
CB-SH/65-01,85.00
CC-MU-01,955.00
CC-MU-01-A,640.00
CC-MU-01-BOLT,2.03
CC-MU-01-WASH,1.64
CC-MU-GC,13.70
CK-01,29.70
CK-01(62.5MM),29.70
CK-02,29.70
CK-02-V-STYLE,31.50
CK-03,32.00
CK-25-01,29.70
CK-25-02,29.70
CK-25-03,32.00
CK-30-01,29.70
CK-30-02,29.70
CK-30-03,32.00
CK-BF/22-02,29.70
CK-BF/28-01,29.70
CK-BF/28-02,36.45
CK-BF/28-03,32.00
CK-GUK-01,29.70
CK-GUK-02,29.70
CK-GUK-03,32.00
CK-HH/25-01,42.00
CK-HH/30-1,29.70
CK-HH/30-2,29.70
CK-HH/30-3,32.00
CK-HH/45-01,43.00
CK-HH/45-02,46.00
CK-MB-02,29.70
CK-MB-03,32.00
CK-MB-O1,29.70
CK-MF/40-01,29.70
CK-MF/40-03,32.00
CK-SH/55-01,29.70
CK-SH/55-02,32.00
CK-SH/65-01,29.70
CK-SH/65-02,32.00
COLLAR-EF-25,46.00
COLLAR-EF-25-SP,46.00
COLLAR-EF-30-SP,46.00
COLLAR-EF-35,46.00
COLLAR-EF-35-SP,46.00
COLLAR-EF-BF/28,46.00
COLLAR-EF-GUK-35,46.00
COLLAR-EF-ROS,46.00
COLLAR-FF-25,46.00
COLLAR-FF-30,46.00
COLLAR-FF-35,46.00
COLLAR-FF-DM,46.00
COLLAR-FF-GUK/35,46.00
COLLAR-FF-HH/35,46.00
COLLAR-FF-HO/50,46.00
COLLAR-FF-RO,46.00
COLLAR-FF-ROS,46.00
COLLAR-FF-RS,46.00
COLLAR-FF-SH/55,46.00
COLLAR-FF-SMY,46.00
CP-AP-BF/22-FP,766.00
CP-AP-BF/28-FP,766.00
CP-AP-HH/35-FP,766.00
CP-AP-HO/20-FP,766.00
CP-AP-MF/30-FP,766.00
CP-AP-MF/40-FP,766.00
CP-AP-NSH-BF/28,253.00
CP-AP-NSH-HH/30,253.00
CP-AP-NSH-HH/35,253.00
CP-AP-NSH-HO/20,253.00
CP-AP-NSH-SH/55,253.00
CP-AP-NSH-SH/65,253.00
CP-AP-NSH/25,253.00
CP-AP-NSH/30,253.00
CP-AP-NSH/35,253.00
CP-AP-NSH/36,253.00
CP-AP-NSH/40,253.00
CP-AP-NSH/GUK,253.00
CP-AP-QC/36-FP,766.00
CP-AP-SM/35-FP,766.00
CP-AP-SM/35-FP-GUK,766.00
CP-AP-ST/25-FP,766.00
CP-HO-BLACK/BQ500,29.20
CP-HO-BLUE/BQ500,29.20
CP-NY/SL-25,37.54
CP-NY/SL-25-B,37.54
CP-NY/SL-30,37.54
CP-NY/SL-30-B,37.54
CP-NY/SL-30-HH,37.54
CP-NY/SL-30-HH-B,37.54
CP-NY/SL-35,37.54
CP-NY/SL-35-B,37.54
CP-NY/SL-35-HH,37.54
CP-NY/SL-35-HH-B,37.54
CP-NY/SL-36,37.54
CP-NY/SL-36-B,37.54
CP-NY/SL-40-B-MOD,37.54
CP-NY/SL-40-MOD,37.54
CP-NY/SL-BF-22,37.54
CP-NY/SL-BF-22-B,37.54
CP-NY/SL-BF-28,37.54
CP-NY/SL-BF-28-B,37.54
CP-NY/SL-GUK,37.54
CP-NY/SL-GUK-B,37.54
CP-NY/SL-HO,37.54
CP-NY/SL-HO-65,37.54
CP-NY/SL-HO-65-B,37.54
CP-NY/SL-HO-B,37.54
CP-NY/SL-SH-65,37.54
CP-NY/SL-SH-65-B,37.54
DC-STA-MB/20-FP,418.00
DEMO-02,1090.00
DU-ST/BK-PC,20.86
DU-ST/WH-PC,20.86
DU-ST/YE-PC,20.86
EF-25/FIX-FE,530.00
EF-36-FIXED,530.00
EF-AG/28-FP,451.00
EF-BAC-FP,530.00
EF-BF/22-FP,530.00
EF-BF/28-FP,530.00
EF-BR-RO/20-FP,530.00
EF-DEL-PE/26-FP,530.00
EF-DM/30-FP,530.00
EF-FI/45,530.00
EF-GU/35-FIX,530.00
EF-GU/35-FP,530.00
EF-HH/25-FP,530.00
EF-HH/30-FIX,530.00
EF-HH/35-FP,530.00
EF-HH/67.5-FP,530.00
EF-HH/67.5-FP-01,530.00
EF-HH/67.5-FP-02,530.00
EF-HO/20-DSF,486.00
EF-HO/25-FP,530.00
EF-HO/30-FP,530.00
EF-HO/50-FP,530.00
EF-HO/65-FP,530.00
EF-ITA/25-FP,530.00
EF-KORA/01-FP,530.00
EF-MB/20-FP,530.00
EF-MF/30-DSF,486.00
EF-MF/30-FP,530.00
EF-MF/30-FP-DSF-01-B,670.00
EF-MF/40-FIX,530.00
EF-PC-BF/28-B,20.86
EF-PC-BF/28-R,20.86
EF-PC-BF/28-Y,20.86
EF-PC-HH/30-Y,20.86
EF-PC-HH/67.5,20.86
EF-PC-HH/67.5-B,20.86
EF-PC-HH/67.5-W,20.86
EF-PC-HO/50-B,20.86
EF-PC-HO/50-Y,20.86
EF-PC/25-B,20.86
EF-PC/25-Y,20.86
EF-PC/30-B,20.86
EF-PC/30-Y,20.86
EF-PC/35-B,20.86
EF-PC/35-R,20.86
EF-PC/35-Y,20.86
EF-PC/KORA,20.86
EF-RO/20-FP,530.00
EF-RO/20-REV,530.00
EF-RO/25-DSF,486.00
EF-ROS/25-FP,530.00
EF-SAMC-FP,530.00
EF-SH/35-FP,530.00
EF-SM/35-DSF,486.00
EF-SM/35-FIX,530.00
EF-SM/35-FP,530.00
EF-SM/35-FP-DSF-01-B,670.00
EF-ST/20-FP,530.00
EF-ST/25-DSF,486.00
EF-ST/25-FP,530.00
EF-ST/25-FP-DSF-01-B,670.00
EF-ST/45-FP,530.00
EF-ST/50-FP,530.00
FEMALE-20-FIX,328.00
FEMALE-25,328.00
FEMALE-25-FIX,328.00
FEMALE-25-FIX-V,328.00
FEMALE-30,328.00
FEMALE-30-FIX,328.00
FEMALE-35,328.00
FEMALE-35-FIX,328.00
FEMALE-35-FIX-V,328.00
FEMALE-BF/22,328.00
FEMALE-BF/28,328.00
FEMALE-BF22-FIX,328.00
FEMALE-DM,328.00
FEMALE-DM-FIX,328.00
FEMALE-GUK-35,328.00
FEMALE-GUK-35FIX,328.00
FEMALE-GUK-59.4/OB,328.00
FEMALE-HH/30-FIX,328.00
FEMALE-HH/35,328.00
FEMALE-HO/50,328.00
FEMALE-HO/65,328.00
FEMALE-MB-20-FIX/OC,328.00
FEMALE-MB/20,328.00
FEMALE-MB20-FIX,328.00
FEMALE-RO,328.00
FEMALE-RS-FIX,328.00
FF-36-DSF-SV,850.00
FF-36-FIX,640.00
FF-36-FP,640.00
FF-BF/22-FP,640.00
FF-BF/22-FP-01,640.00
FF-BF/22-FP-01-B,640.00
FF-BF/28-FP-01,640.00
FF-BS/20-FIX-01,640.00
FF-DM-FIX-01,640.00
FF-DM-FP-01,640.00
FF-DSF/20-MB-NY-B,27.81
FF-DSF/20-MB-NY-R,27.81
FF-DSF/20-MB-NY-W,27.81
FF-DSF/20-MB-NY-Y,27.81
FF-DSF/25-NY-B,27.81
FF-DSF/25-NY-BK,27.81
FF-DSF/25-NY-R,27.81
FF-DSF/25-NY-W,27.81
FF-DSF/25-NY-Y,27.81
FF-DSF/30-NY-B,27.81
FF-DSF/30-NY-R,27.81
FF-DSF/30-NY-W,27.81
FF-DSF/30-NY-Y,27.81
FF-DSF/35-NY-B,27.81
FF-DSF/35-NY-R,27.81
FF-DSF/35-NY-W,27.81
FF-DSF/35-NY-Y,27.81
FF-DSF/GU-35-NY-B,27.81
FF-DSF/GU-35-NY-R,27.81
FF-DSF/GU-35-NY-W,27.81
FF-DSF/GU-35-NY-Y,27.81
FF-DSF/HH-35-NY,27.81
FF-DSF/HH-35-NY-B,27.81
FF-DSF/HH-35-NY-R,27.81
FF-DSF/HH-35-NY-W,27.81
FF-DSF/HH-35-NY-Y,27.81
FF-DSF/HO-20-NY-B,27.81
FF-DSF/HO-20-NY-R,27.81
FF-DSF/HO-20-NY-Y,27.81
FF-DSF/PET-40-NY-B,27.81
FF-DSF/PET-40-NY-R,27.81
FF-DSF/PET-40-NY-Y,27.81
FF-DSF/RO-NY-B,27.81
FF-DSF/RO-NY-R,27.81
FF-DSF/RO-NY-Y,27.81
FF-DSF/ROS-NY-B,27.81
FF-DSF/ROS-NY-O,27.81
FF-DSF/ROS-NY-Y,27.81
FF-EC-FP,640.00
FF-GA/01-FP-01,640.00
FF-GU/35-DSF,486.00
FF-GU/35-FIX-01,640.00
FF-GU/35-FP-01,640.00
FF-GU/35-FP-01-B,640.00
FF-GW-FP-01-B,451.00
FF-HH/20-FIX,451.00
FF-HH/25-FIX-01-B,640.00
FF-HH/30-FIX-01,640.00
FF-HH/30-FIX-01-B,640.00
FF-HH/30-FIX-3FEM-01,640.00
FF-HH/35-DSF,486.00
FF-HH/35-FP-01,640.00
FF-HH/35-FP-01-B,640.00
FF-HH/35-FP-DSF-01-B,850.00
FF-HH/40-FIX,640.00
FF-HH/46-FIX,640.00
FF-HO/20-DSF,486.00
FF-HO/20-FP-DSF-01-B,850.00
FF-HO/40.2-FP-01,640.00
FF-HO/50-FP,640.00
FF-HO/50-FP-B,640.00
FF-HO/65-FP,640.00
FF-HO/VP-66-FP,640.00
FF-LO-01,640.00
FF-MB/20-FIX,640.00
FF-MB/20-FP,640.00
FF-MB/20-FP-01,640.00
FF-MB/20-FP-01-B,640.00
FF-MB/20FIX-01,640.00
FF-MF/30-DSF,486.00
FF-MF/30-FP-01,640.00
FF-MF/30-FP-01-B,640.00
FF-MF/30-FP-02,670.00
FF-MF/30-FP-DSF-01-B,850.00
FF-MF/40-FIX-01,640.00
FF-PC-BF/28-B,20.86
FF-PC-BF/28-R,20.86
FF-PC-BF/28-Y,20.86
FF-PC-GU/35-B,20.86
FF-PC-GU/35-R,20.86
FF-PC-GU/35-Y,20.86
FF-PC-HH/30-Y,20.86
FF-PC-HH/35,20.86
FF-PC-HO/50,20.86
FF-PC-HO/50-B,20.86
FF-PC-HO/50-R,20.86
FF-PC-HO/50-Y,20.86
FF-PC-MB/20,20.86
FF-PC-MB/20-Y,20.86
FF-PC-RO/25-B,20.86
FF-PC-RO/25-R,20.86
FF-PC-RO/25-Y,20.86
FF-PC-ROS/25-B,20.86
FF-PC-SH/55-B,20.86
FF-PC-SH/55-Y,20.86
FF-PC-SH/65-Y,20.86
FF-PC-ZA/40-B,20.86
FF-PC-ZA/40-Y,20.86
FF-PC/25,20.86
FF-PC/25-R,20.86
FF-PC/25-W,20.86
FF-PC/25-Y,20.86
FF-PC/30,20.86
FF-PC/30-B,20.86
FF-PC/30-R,20.86
FF-PC/30-Y,20.86
FF-PC/35,20.86
FF-PC/35-B,20.86
FF-PC/35-R,20.86
FF-PC/35-Y,20.86
FF-PC/DM-B,20.86
FF-PC/DM-R,20.86
FF-PC/DM-Y,20.86
FF-PET/40-FP-DSF-01-B,850.00
FF-PI/27-FIX-01,640.00
FF-RO/25-DSF,486.00
FF-RO/25-FP-01,640.00
FF-RO/25-FP-DSF-01-B,850.00
FF-RO/25-FP-SV,640.00
FF-ROS/25-DSF,486.00
FF-ROS/25-FP-01,640.00
FF-ROS/25-FP-01-B,640.00
FF-ROS/25-FP-DSF-01-B,850.00
FF-RS-FP-01,640.00
FF-SH/15-FP-01-B,451.00
FF-SH/15-FP-01-B-PACK,539.00
FF-SH/55-FP,640.00
FF-SH/55-FP-SV,640.00
FF-SH/65-45-FP,640.00
FF-SH/65-FIX,640.00
FF-SH/65-FP,640.00
FF-SH/65-FP-SV,640.00
FF-SM/35-DSF,486.00
FF-SM/35-DSF-SV,850.00
FF-SM/35-FIX,640.00
FF-SM/35-FIX-01,640.00
FF-SM/35-FIX-01-B,640.00
FF-SM/35-FP,640.00
FF-SM/35-FP-01,640.00
FF-SM/35-FP-01-B,640.00
FF-SM/35-FP-DSF-01-B,850.00
FF-SMY/30-FP-01,640.00
FF-ST/25-DSF,486.00
FF-ST/25-FIX,640.00
FF-ST/25-FIX-01,640.00
FF-ST/25-FIX-01-B,640.00
FF-ST/25-FP,640.00
FF-ST/25-FP-01,640.00
FF-ST/25-FP-01-B,640.00
FF-ST/25-FP-DSF-01-B,850.00
FF-STA-SM/35-FIX,520.00
FF-STA-ST/25-FIX,520.00
FF-STA-ST/25-FIX-01,520.00
FF-ZA/40-FP,640.00
GB-BF/22,76.00
GB-GUK-35,76.00
GB-KB/26-FP,76.00
GB-MF/30-FP,76.00
GB-MO,178.00
GB-PET/40-FP,76.00
GB-RO,76.00
GB-ROS,76.00
GB-SM/35-FP,76.00
GB-ST/25-FP,76.00
GB-WO/98,142.00
HO-GB-01,76.00
HO-GB-02/VP-66,76.00
HO-GB-03,76.00
HO-ST/BK-PC,20.86
HO-ST/BL-PC,20.86
HO-ST/WH-PC,20.86
HO-ST/YE-PC,20.86
HORIZON-50/01,1270.00
HORIZON-VP-66/02,1810.00
KB-GB-94,518.00
KB-SPRING,2.44
KC-01-36,382.00
LUGFILLER,7.64
M3X5.8-TORX-SCREW,2.03
MB-GB-01,76.00
MB-SPRING,6.85
MOULD--08,5.93
MOULD-01,24.21
MOULD-01A,30.45
MOULD-02,24.21
MOULD-02A,30.45
MOULD-03,5.93
MOULD-05,24.21
MOULD-06,5.93
MOULD-07,5.93
MOULD-09,5.93
MOULD-10,7.58
MOULD-101,9.85
MOULD-101B,11.23
MOULD-102,9.85
MOULD-102-BX,11.23
MOULD-102B,11.23
MOULD-102B-SB,11.23
MOULD-102SB,9.85
MOULD-103,9.85
MOULD-103X,9.85
MOULD-104,9.85
MOULD-104B-XTRA,11.23
MOULD-104SB,9.85
MOULD-105,9.85
MOULD-105B,11.23
MOULD-105BK,9.85
MOULD-106,9.85
MOULD-107,9.85
MOULD-107B,11.23
MOULD-108,9.85
MOULD-108B,11.23
MOULD-109,9.85
MOULD-10A,7.58
MOULD-110,9.85
MOULD-111,9.85
MOULD-111B,11.23
MOULD-112,9.85
MOULD-112B,11.23
MOULD-113,9.85
MOULD-113B-XTRA,11.23
MOULD-113SB,9.85
MOULD-114,9.85
MOULD-114B-XTRA,11.23
MOULD-114SB,9.85
MOULD-115,9.85
MOULD-115X,9.85
MOULD-116,9.85
MOULD-117,9.85
MOULD-117-BX,11.23
MOULD-117B,11.23
MOULD-117B-SB,11.23
MOULD-117SB,9.85
MOULD-118,9.85
MOULD-118-BX,11.23
MOULD-118B,11.23
MOULD-118B-SB,11.23
MOULD-118SB,9.85
MOULD-119B-SB,11.23
MOULD-119SB,9.85
MOULD-12,5.93
MOULD-120B-SB,11.23
MOULD-120SB,9.85
MOULD-121B-SB,11.23
MOULD-121SB,9.85
MOULD-122,9.85
MOULD-122-SX,9.85
MOULD-122BSX,11.23
MOULD-123,9.85
MOULD-123-SX,9.85
MOULD-123BSX,11.23
MOULD-124,9.85
MOULD-124-SX,9.85
MOULD-124BSX,11.23
MOULD-125,9.85
MOULD-125B,11.23
MOULD-125B-PI,11.23
MOULD-125B-SB,11.23
MOULD-125B-SX,11.23
MOULD-125PI,9.85
MOULD-125SB,9.85
MOULD-125X,9.85
MOULD-126,9.85
MOULD-126B,11.23
MOULD-126B-PI,11.23
MOULD-126B-SB,11.23
MOULD-126B-SX,11.23
MOULD-126PI,9.85
MOULD-126SB,9.85
MOULD-126X,9.85
MOULD-127,9.85
MOULD-127B,11.23
MOULD-127B-PI,11.23
MOULD-127B-SB,11.23
MOULD-127B-SX,11.23
MOULD-127PI,9.85
MOULD-127SB,9.85
MOULD-127X,9.85
MOULD-128,9.85
MOULD-129,9.85
MOULD-13,5.93
MOULD-130,9.85
MOULD-131,7.11
MOULD-131B,8.48
MOULD-132,7.11
MOULD-132B,8.48
MOULD-133,7.11
MOULD-133B,8.48
MOULD-134,9.85
MOULD-134B-SX,11.23
MOULD-134SB,9.85
MOULD-135,9.85
MOULD-135B-SX,11.23
MOULD-135SB,9.85
MOULD-136,9.85
MOULD-136B-SX,11.23
MOULD-136SB,9.85
MOULD-137,9.85
MOULD-137B-X,11.23
MOULD-137SB,9.85
MOULD-138,9.85
MOULD-138B-X,11.23
MOULD-138SB,9.85
MOULD-139,9.85
MOULD-139B-X,11.23
MOULD-139SB,9.85
MOULD-14,5.93
MOULD-140,9.85
MOULD-140B,11.23
MOULD-140B-X,11.23
MOULD-140X,9.85
MOULD-141,9.85
MOULD-141B,11.23
MOULD-141B-X,11.23
MOULD-141X,9.85
MOULD-142,9.85
MOULD-142B,11.23
MOULD-142B-X,11.23
MOULD-142X,9.85
MOULD-143,9.85
MOULD-143B-X,11.23
MOULD-143X,9.85
MOULD-144,9.85
MOULD-144B-X,11.23
MOULD-144X,9.85
MOULD-145,9.85
MOULD-145B-X,11.23
MOULD-146,8.47
MOULD-146B,9.87
MOULD-147,8.47
MOULD-147B,9.87
MOULD-148,8.50
MOULD-149,8.50
MOULD-15,7.58
MOULD-150,12.54
MOULD-151,8.47
MOULD-152,8.47
MOULD-152B,9.87
MOULD-153,24.21
MOULD-154,24.21
MOULD-155,9.85
MOULD-155B,11.23
MOULD-156,9.85
MOULD-156B,11.23
MOULD-157,9.85
MOULD-157B,11.23
MOULD-158,9.85
MOULD-158B,11.23
MOULD-158BLK,9.85
MOULD-159,9.85
MOULD-159B,11.23
MOULD-16,7.11
MOULD-160,9.85
MOULD-160B,11.23
MOULD-161,9.85
MOULD-161B,11.23
MOULD-162,9.85
MOULD-162B,11.23
MOULD-163,9.85
MOULD-163B,11.23
MOULD-164,9.85
MOULD-164-DM,9.85
MOULD-164B,11.23
MOULD-164C,9.85
MOULD-167,12.54
MOULD-167X,12.54
MOULD-169,12.54
MOULD-169X,12.54
MOULD-16B,8.48
MOULD-17,7.11
MOULD-170,12.54
MOULD-170X,12.54
MOULD-171,24.21
MOULD-171A,24.21
MOULD-172,24.21
MOULD-172A,24.21
MOULD-173,24.21
MOULD-173A,24.21
MOULD-174,9.85
MOULD-174SX,8.50
MOULD-175,7.58
MOULD-179,9.90
MOULD-17B,8.48
MOULD-18,5.93
MOULD-180,9.90
MOULD-181,9.90
MOULD-182,9.90
MOULD-185,8.50
MOULD-187,8.50
MOULD-188,8.50
MOULD-22,24.21
MOULD-23,24.21
MOULD-24,24.21
MOULD-25,7.11
MOULD-26,24.21
MOULD-27,7.11
MOULD-28,7.11
MOULD-29,7.11
MOULD-29B,8.48
MOULD-30,7.11
MOULD-31,7.11
MOULD-32,7.58
MOULD-33,11.70
MOULD-33A,11.70
MOULD-34,11.70
MOULD-35,7.11
MOULD-36,30.13
MOULD-37,7.11
MOULD-39,7.11
MOULD-40,8.50
MOULD-41,8.50
MOULD-43,7.11
MOULD-44,7.11
MOULD-44B,8.48
MOULD-45,7.11
MOULD-45B,8.48
MOULD-46,7.11
MOULD-46B,8.48
MOULD-47,7.58
MOULD-48,7.11
MOULD-48B,8.48
MOULD-49,7.11
MOULD-49B,8.48
MOULD-50,7.11
MOULD-50B,8.48
MOULD-51,7.58
MOULD-52,7.11
MOULD-52B,8.48
MOULD-53,7.11
MOULD-53B,8.48
MOULD-54,7.11
MOULD-54B,8.48
MOULD-55,7.58
MOULD-56,7.11
MOULD-56B,8.48
MOULD-57,7.11
MOULD-57B,8.48
MOULD-58,7.11
MOULD-58B,8.48
MOULD-59,7.58
MOULD-60,24.21
MOULD-61,8.50
MOULD-62,8.50
MOULD-63,8.50
MOULD-64,9.85
MOULD-64B,11.23
MOULD-65,9.85
MOULD-65B,11.23
MOULD-66,9.85
MOULD-66B,11.23
MOULD-70,9.85
MOULD-71,7.11
MOULD-72,9.85
MOULD-72XH&H,9.85
MOULD-73,7.11
MOULD-74,7.11
MOULD-75,7.11
MOULD-76,7.58
MOULD-77,7.11
MOULD-77B,8.48
MOULD-78,7.11
MOULD-78B,8.48
MOULD-79,7.11
MOULD-79B,8.48
MOULD-80,7.58
MOULD-82,8.50
MOULD-82-X,8.50
MOULD-83,8.50
MOULD-85,12.54
MOULD-86,8.50
MOULD-86X,9.85
MOULD-86X-Y,9.85
MOULD-87,8.50
MOULD-88,9.72
MOULD-88BL,9.72
MOULD-89,8.50
MOULD-89B,9.87
MOULD-90,8.50
MOULD-90B,9.87
MOULD-91,8.50
MOULD-92,8.50
MOULD-93,8.50
MOULD-96,9.85
MOULD-97,7.11
MPB-1.5/1.5-35MM,32.00
MPB-10/25MM,32.00
MPB-12,32.00
MPB-12-GUK,32.00
MPB-12-HH/30,32.00
MPB-12/25MM,32.00
MPB-12/30MM,32.00
MPB-12/4SHEET,32.00
MPB-12/BF/22MM,32.00
MPB-12/MF-40,32.00
MPB-12/RO,32.00
MPB-17,32.00
MPB-17-GUK,32.00
MPB-17-HH/30MM,32.00
MPB-17/25MM,32.00
MPB-17/30MM,32.00
MPB-17/46MM,32.00
MPB-17/4SHEET,32.00
MPB-17/50MM,39.00
MPB-17/BF/22MM,32.00
MPB-17/BF/28MM,32.00
MPB-17/MF-40,32.00
MPB-17/RO,32.00
MPB-17/SH-55,32.00
MPB-17/SH-65,32.00
MPB-17/WEB,135.00
MPB-25,32.00
MPB-25-GUK,32.00
MPB-25-HH/30MM,32.00
MPB-25/25MM,32.00
MPB-25/30MM,32.00
MPB-25/46MM,32.00
MPB-25/4SHEET,32.00
MPB-25/50MM,39.00
MPB-25/BF/22MM,32.00
MPB-25/BF/28MM,32.00
MPB-25/MF-40,32.00
MPB-25/MO,32.00
MPB-25/RO,32.00
MPB-25/SH-55,32.00
MPB-25/SH-65,32.00
MPB-25/WEB,135.00
MPB-26,32.00
MPB-40,32.00
MPB-40/30MM,32.00
MPB-40/4SHEET,32.00
MPB-40/WEB,135.00
MPB-52,32.00
MPB-52-GUK,32.00
MPB-52-HH/30MM,32.00
MPB-52/25MM,32.00
MPB-52/30MM,32.00
MPB-52/46MM,32.00
MPB-52/50MM,39.00
MPB-52/BF/22MM,32.00
MPB-52/BF/28MM,32.00
MPB-52/MF-40,32.00
MPB-52/RO,32.00
MPB-52/SH-55,32.00
MPB-52/SH-65,32.00
MPB-52/WEB,135.00
MPB-7,32.00
MPB-72,32.00
MPB-72-GUK,32.00
MPB-72/25MM,32.00
MPB-72/30MM,32.00
MPB-72/BF/22MM,32.00
MPB-8,32.00
MPB-MB-17,32.00
MPB-MB-25,32.00
MPB-MB-52,32.00
MPB-MB-72,32.00
MPB-ROS-BA-17,32.00
MPB-ROS-BA-25,32.00
MPB-ROS-BA-52,32.00
MPB-ROS-BA-72,32.00
MPB-ST/MAILER-17,32.00
MPB-ST/MAILER-25,32.00
MPB-ST/MAILER-52,32.00
MT-01,709.00
MT-01/COMBO,1132.00
MT-01/CUTTING-OPTION-2,450.00
MT-01/PERF-OPTION-1,498.00
MT-02,709.00
MT-02/COMBO,1132.00
MT-02/COMBO-01,1132.00
MT-02/COMBO-01-B,1132.00
MT-02/COMBO-FIX,1132.00
MT-02/COMBO-FIX-01,1132.00
MT-02/COMBO-FIX-01-B,1132.00
MT-02/CUTTING-OPTION-2,450.00
MT-02/PERF-OPTION-1,498.00
MT-03,709.00
MT-03/COMBO,1132.00
MT-03/COMBO-01,1132.00
MT-03/COMBO-01-B,1132.00
MT-03/CUTTING-OPTION-2,450.00
MT-03/PERF-OPTION-1,498.00
MT-04,709.00
MT-04/COMBO,1132.00
MT-04/COMBO-01,1132.00
MT-04/COMBO-01-B,1132.00
MT-04/CUTTING-OPTION-2,450.00
MT-04/PERF-OPTION-1,498.00
MT-BF/28,709.00
MT-BF/28/CUTTING-OPTION-2,450.00
MT-BF/28/PERF-OPTION-1,498.00
MT-BF/COMBO-28,1132.00
MT-BF/COMBO-28-01,1132.00
MT-BH-01/36,291.00
MT-BH-02/35,291.00
MT-BH-03/25,291.00
MT-BH-04/30,291.00
MT-BH-BF/28,291.00
MT-BH-GUK/35,291.00
MT-BH-HH/30,291.00
MT-BH-HH/35,291.00
MT-BH-HH/45,291.00
MT-BH-HO/20,291.00
MT-BH-MB/20,291.00
MT-BH-MF/40,291.00
MT-BH-SH/55,291.00
MT-BH-SH/65,291.00
MT-CR/25-CAS-01,432.00
MT-CR/30-CAS,432.00
MT-CR/30-CAS-01,432.00
MT-CR/35-CAS-01,432.00
MT-CR/35-CAS-FIX,432.00
MT-CR/35-CAS-FIX-01,432.00
MT-CR/36-CAS,432.00
MT-CR/BF-28-CAS,432.00
MT-CR/BF-28-CAS-01,432.00
MT-CR/GU-CAS,432.00
MT-CR/GU-CAS-01,432.00
MT-CR/HO-20-CAS,432.00
MT-CR/SH-65-CAS,432.00
MT-FL-BH-02/35,80.80
MT-FL-BH-MB/20,80.80
MT-GUK/35,709.00
MT-GUK/35/CUTTING-OPTION-2,450.00
MT-GUK/35/PERF-OPTION-1,498.00
MT-GUK/COMBO,1132.00
MT-GUK/COMBO-01,1132.00
MT-HH/30,709.00
MT-HH/30/CUTTING-OPTION-2,450.00
MT-HH/30/PERF-OPTION-1,498.00
MT-HH/35,709.00
MT-HH/35/CUTTING-OPTION-2,450.00
MT-HH/35/PERF-OPTION-1,498.00
MT-HH/40-CUTTING-OPTION2,450.00
MT-HH/45/CUTTING-OPTION-2,472.00
MT-HO,709.00
MT-HO/65,709.00
MT-HO/COMBO,1132.00
MT-HO/CUTTING-OPTION-2,450.00
MT-HO/PERF-OPTION-1,498.00
MT-MB,709.00
MT-MB/CUTTING-OPTION-2,450.00
MT-MB/PERF-OPTION-1,498.00
MT-MF/40CUTTING-OPT2,450.00
MT-NSH-HH/30,253.00
MT-NSH-HH/35,253.00
MT-NSH-MB/20,253.00
MT-NY/SL-25,29.20
MT-NY/SL-25-B,29.20
MT-NY/SL-30,29.20
MT-NY/SL-30-B,29.20
MT-NY/SL-35,29.20
MT-NY/SL-35-B,29.20
MT-NY/SL-GUK,29.20
MT-NY/SL-GUK-B,29.20
MT-NY/SL-HH-30,29.20
MT-NY/SL-HH-30-B,29.20
MT-NY/SL-HH-35,29.20
MT-NY/SL-HH-35-B,29.20
MT-NY/SL-MB,29.20
MT-NY/SL-MB-B,29.20
MT-SH/55,709.00
MT-SH/55/CUTTING-OPTION-2,450.00
MT-SH/55/PERF-OPTION-1,498.00
MT-SH/65,709.00
MT-SH/65/CUTTING-OPTION-2,450.00
MT-SH/65/PERF-OPTION-1,498.00
MT-SH/COMBO-65,1132.00
MU-DRUM-TAPE,13.70
MU-GB-01,50.00
MU-GB-02,50.00
MU-GB-02-FE,34.00
MU-GB-03,50.00
MU-GB-80,130.00
MU-RED-TA,8.12
PA-WEB,283.00
PC-PC-LO-BLK,20.86
PD-36-FP,250.00
PD-DEL-BF-22-FP,451.00
PD-DEL-BF-28-FP,451.00
PD-DEL-DM/30-FP,451.00
PD-DEL-GU/35-FP,451.00
PD-DEL-HH/30-FP,451.00
PD-DEL-HH/35-FP,451.00
PD-DEL-HO/20-FP,451.00
PD-DEL-MB/20-FP,451.00
PD-DEL-MF/30-FP,451.00
PD-DEL-MF/40-FP,451.00
PD-DEL-MO/15-FP-PACK,539.00
PD-DEL-PET/40-FP,451.00
PD-DEL-QC/36-FP,451.00
PD-DEL-RO/20-FP,451.00
PD-DEL-ROS-BA/25-FP,451.00
PD-DEL-SM/35-FP,451.00
PD-DEL-ST/25-FP,451.00
PD-DEL-ST/50-FP,608.00
PD-MU/BR-FP,451.00
PD-NSH/MO,158.00
PD-NY/SL-25,29.20
PD-NY/SL-25-B,29.20
PD-NY/SL-30,29.20
PD-NY/SL-30-B,29.20
PD-NY/SL-35,29.20
PD-NY/SL-35-B,29.20
PD-NY/SL-36-STA,29.20
PD-NY/SL-36-STA-B,29.20
PD-NY/SL-50-B,41.72
PD-NY/SL-BF-22,29.20
PD-NY/SL-BF-22-B,29.20
PD-NY/SL-BF-28,29.20
PD-NY/SL-BF-28B,29.20
PD-NY/SL-DM/30,29.20
PD-NY/SL-DM/30-B,29.20
PD-NY/SL-GU,29.20
PD-NY/SL-GU-B,29.20
PD-NY/SL-HH-30,29.20
PD-NY/SL-HH-30-B,29.20
PD-NY/SL-HH-35,29.20
PD-NY/SL-HH-35-B,29.20
PD-NY/SL-HH-40,29.20
PD-NY/SL-HH-40B,29.20
PD-NY/SL-HO,29.20
PD-NY/SL-HO/B,29.20
PD-NY/SL-MB,29.20
PD-NY/SL-MB-B,29.20
PD-NY/SL-MF-40,29.20
PD-NY/SL-MF-40-B,29.20
PD-NY/SL-MO,29.20
PD-NY/SL-MO-B,29.20
PD-NY/SL-PET-40,29.20
PD-NY/SL-RO,29.20
PD-NY/SL-RO-B,29.20
PD-NY/SL-ROS,29.20
PD-NY/SL-ROS-B,29.20
PD-ST/MAILER-FP,356.00
PD-WEB,580.00
PS-STA-SM/35-FP,190.00
QC-03,530.00
QC-ADJ-KB/94-FP-01,2290.00
QC-DEL-GO-6/PC-B,20.86
QC-DEL-GO-6/PC-Y,20.86
QC-DEL-GO/6-FP,1396.00
QC-DEL-KB-114/PC,33.37
QC-DEL-KB-114/PC-B,33.37
QC-DEL-KB-26/PC,20.86
QC-DEL-KB-26/PC-Y,20.86
QC-DEL-KB-94/PC,33.37
QC-DEL-KB/114-FP-6,2290.00
QC-DEL-KB/26-6C-FP-01,1244.00
QC-DEL-KB/26-FP-5-01,1176.00
QC-DEL-KB/26-FP-6-01,1176.00
QC-DEL-KB/94-FP-6,1510.00
QC-DEL-MPB/30-FP-5,860.00
QC-DEL-MPB/30-FP-5-B,860.00
QC-DEL-MPB/PC-B,20.86
QC-DEL-MPB/PC-R,20.86
QC-DEL-MPB/PC-Y,20.86
QC-DEL-UB-6-01/PC,20.86
QC-DEL-UB-6-01/PC-B,20.86
QC-DEL-UB-6/PC,33.37
QC-DEL-UB-6/PC-EXH,33.37
QC-DEL-UB/6-FP,1056.00
QC-DEL-UB/6-FP-01,1396.00
QC-DEL-WO-98/PC,20.86
QC-DEL-WO-98/PC-O,20.86
QC-DEL-WO-98/PC-W,20.86
QC-DEL-WO/98-ENDFLAP-FP,910.00
QC-DEL-WO/98-FP-6,1733.68
QC-GB-01,76.00
QC-HO-2S/25-FP-6,986.00
QC-HO-4S/25-FP,1997.00
QC-KB-94,33.37
QC-KB-94-B,33.37
QC-KB-94-O,33.37
QC-KB-94-W,33.37
QC-KB-94-Y,33.37
QC-MPB-2S/30-FP-6,860.00
QC-MU-AG-30-FP,1207.00
QC-MU-ALE/PC-BLK,33.37
QC-MU-ALE/PC-Y,33.37
QC-MU-PA/PC,18.08
QC-MU-PA/PC-B,18.08
QC-MU-PA/PC-R,18.08
QC-MU-PA/PC-W,18.08
QC-MU-PA/PC-Y,18.08
QC-MU-PA01/PC-B,33.37
QC-MU-PA01/PC-B-B,33.37
QC-MU-PA01/PC-B-T,33.37
QC-MU-PA01/PC-O-B,33.37
QC-MU-PA01/PC-O-T,33.37
QC-MU-PA01/PC-T,33.37
QC-MU-PA01/PC-W-B,33.37
QC-MU-PA01/PC-W-T,33.37
QC-MU-PA01/PC-Y-B,33.37
QC-MU-PA01/PC-Y-T,33.37
QC-MU-PAN/PC,33.37
QC-MU-PAN/PC-B,33.37
QC-MU-PO/PC,20.86
QC-MU-PO/PC-B,20.86
QC-MU-PO/PC-O,20.86
QC-MU-PO/PC-W,20.86
QC-MU-PO/PC-Y,20.86
QC-MU-TRE/PC,33.37
QC-MU/ALE-FP-6,1712.20
QC-MU/ALE-LF-4C-FP,1493.00
QC-MU/PA-FP-6,955.00
QC-MU/PA-FP-6-01,1333.00
QC-MU/PA-FP-6-01-DC,1333.00
QC-MU/PAN-FP-6,1270.00
QC-MU/PO-FP-6,892.00
QC-MU/SIG-FP-6,1144.00
RS-NY/FE,27.81
RS-NY/FE-B,27.81
RS-NY/FE-R,27.81
RS-NY/FE-Y,27.81
SC-10,111.00
SC-17,111.00
SC-DSF/HOR-25-NY-B,27.81
SC-DSF/HOR-25-NY-R,27.81
SC-DSF/HOR-25-NY-Y,27.81
SC-DU-01,955.00
SC-HD-01,955.00
SC-HD-02,955.00
SC-HD-03,955.00
SC-HD-04,1080.00
SC-HD-04/CLIP,20.86
SC-HO-01,955.00
SC-HO-02,955.00
SC-HO-02/CLIP,20.86
SC-HOR/25-FP,640.00
SC-HOR/25-FP-DSF-01,850.00
SC-HORSESHOE,577.00
SC-MU-02,640.00
SC-MU-02-TEMPO,640.00
SC-MU-03,640.00
SC-MU-05,955.00
SC-MU-06,955.00
SC-MU/ADJ-6C-FP,1283.00
SC-MU/ADJ-FP-01,1085.00
SC-MU/ADJ-LF-4C-FP,906.00
SC-MU/PC-RB-5-B-MOD,20.86
SC-MU/PC-RB-5-MOD,20.86
SC-MU/PC-RB-5-R,20.86
SC-MU/PC-RB-5-W-MOD,20.86
SC-MU/PC-RB-5-Y-MOD,20.86
SC-OS-01,640.00
SC-OS-02,640.00
SC-SH-01,640.00
SCRIBER,8.03
SH-GB/15-FP-GRIP,34.00
SH-GB/55-FP,76.00
SH-GB/65-FP,76.00
SHC-ADJ-MF/30-FP,955.00
SHC-ADJ/04-FP,955.00
SHC-ADJ/DM-FP,1055.00
SHC-RO,766.00
SHC-ST-ADJ/25-FP,892.00
SHC-STA-ADJ/03-FP,892.00
SHC-STA-ADJ/04-FP,892.00
SHC-STA-ADJ/30-FP,892.00
SHOEI-55/01,1270.00
SHOEI-65/01,1450.00
SHOEI-65/02,1390.00
SP-MT/25-1,19.57
SP-MT/25-2,19.57
SP-MT/25-3,19.57
SP-MT/25-4,19.57
SP-MT/25-5,19.57
SP-MT/25-6,19.57
SP-MT/30-1,19.57
SP-MT/30-2,19.57
SP-MT/30-3,19.57
SP-MT/30-4,19.57
SP-MT/30-5,19.57
SP-MT/30-6,19.57
SP-MT/35-1,19.57
SP-MT/35-2,19.57
SP-MT/35-3,19.57
SP-MT/35-4,19.57
SP-MT/35-5,19.57
SP-MT/35-6,19.57
SP-MT/SH-55-0.8,19.57
SP-SHC/35-RD,19.57
TC-DEL-BF/22-FP,418.00
TC-DEL-BO/35-FP,418.00
TC-DEL-FI/40-FP,530.00
TC-DEL-FI/64-FP,530.00
TC-DEL-GA/01-FP,530.00
TC-DEL-GU/35-FP,418.00
TC-DEL-HH/30-FP,418.00
TC-DEL-MF/30-FP-2,418.00
TC-DEL-MF/60-FP,530.00
TC-DEL-MG/15-FP,418.00
TC-DEL-SH/55-FP,418.00
TC-DEL-SH/65-FP,418.00
TC-DEL-SM/35-FP,418.00
TC-DEL-ST/25-FP,418.00
TC-DEL-ST/50-FP,488.00
TC-DEL-ZA/40-FP,530.00
TC-DIG-RO/20-FP,418.00
TC-STA-SM/35-FP,350.00
TRI-WEB-01,1081.00
TRI-WEB-02,1081.00
TRI-WEB-03,1081.00
TRI-WEB-04,1264.00
TRI-WEB-05,2341.00
TWS-ID/25,20.30
TWS-ID/25-3,20.30
TWS-ID/25-4,20.30
TWS-ID/35,20.30
TWS-ID/35-3,20.30
TWS-ID/35-4,20.30
TWS-ID/AGOR-3,20.30
TWS-ID/AGOR-4,20.30
TWS-ID/AGOR-5,20.30
TWS-ID/DCM-3,20.30
TWS-ID/DCM-4,20.30
TWS-ID/DCM-5,20.30
TWS-ID/GUK20-3,20.30
TWS-ID/GUK20-4,20.30
TWS-ID/GUK20-5,20.30
TWS-ID/GUK35-1,20.30
TWS-ID/GUK35-3,20.30
TWS-ID/GUK35-4,20.30
TWS-ID/GUK35-5,20.30
TWS-ID/GUK35-CREASER-3,20.30
TWS-ID/GUK35-CREASER-4,20.30
TWS-ID/GUK35-CREASER-5,20.30
TWS-ID/HH30.3,20.30
TWS-ID/HH30.4,20.30
TWS-ID/HH30.5,20.30
TWS-ID/HH45.3,20.30
TWS-ID/HH45.4,20.30
TWS-ID/HH45.5,20.30
TWS-ID/HO20-3,20.30
TWS-ID/HO20-4,20.30
TWS-ID/HO20-5,20.30
TWS-ID/HO30.5,20.30
TWS-ID/MB-3,20.30
TWS-ID/MB-4,20.30
TWS-ID/MB-5,20.30
TWS-ID/MBO-30.5-SHORT,20.30
TWS-ID/MBO-35-3,20.30
TWS-ID/MBO-35.3,20.30
TWS-ID/MBO-35.5,20.30
TWS-ID/MBO-40.3,20.30
TWS-ID/MBO-40.4,20.30
TWS-ID/MBO-40.5,20.30
TWS-ID/MBO30-3,20.30
TWS-ID/MBO30-4,20.30
TWS-ID/MBO30-5,20.30
UC-GB/29-FP,76.00
UCHIDA-29/01,2290.00
Z-TAPE-ADH/4X50,8.12
Z-TAPE-ADH/8X50,8.12
