product_code,standard_price,show_in_distributor_portal
CSM/BELT-30X2-6,158.12,TRUE
MOULD-10A,11,TRUE
MOULD-32,11,TRUE
CSM/25-CB-ST,90,TRUE
CB-02,90,TRUE
CB-01,90,TRUE
CB-25-01,90,TRUE
CB-30-01,90,TRUE
CB-GUK-01,90,TRUE
CB-HH-30,90,TRUE
CB-HH-01,90,TRUE
CB-HH-02,90,TRUE
CB-HO-01,90,TRUE
CB-HO-02,90,TRUE
CB-BF/28-01,90,TRUE
CB-MB-01,90,TRUE
CB-MF/40-01,90,TRUE
CB-SH/55-01,90,TRUE
CB-SH/65-01,90,TRUE
CK-MB-O1,50,TRUE
CK-25-01,50,TRUE
CK-HH/30-1,50,TRUE
CK-30-01,50,TRUE
CK-SH/55-01,50,TRUE
CK-BF/28-01,50,TRUE
CK-01(62.5MM),50,TRUE
CK-MF/40-01,50,TRUE
CK-GUK-01,50,TRUE
CK-SH/65-01,50,TRUE
CK-HH/45-01,50,TRUE
CK-HH/25-01,50,TRUE
CK-HH/25-03,50,TRUE
CK-02-V-STYLE,50,TRUE
CK-30-02,50,TRUE
CK-BF/28-02,50,TRUE
CK-25-02,50,TRUE
CK-BF/22-02,50,TRUE
CK-HH/30-2,50,TRUE
CK-02,50,TRUE
CK-MB-02,50,TRUE
CK-GUK-02,50,TRUE
CK-MB-03,50,TRUE
CK-25-03,50,TRUE
CK-HH/30-3,50,TRUE
CK-30-03,50,TRUE
CK-BF/28-03,50,TRUE
CK-SH/55-02,50,TRUE
CK-03,50,TRUE
CK-MF/40-03,50,TRUE
CK-GUK-03,50,TRUE
CK-SH/65-02,50,TRUE
CK-HH/45-02,50,TRUE
CK-01,50,TRUE
FF-DSF/20-MB-NY-R,27.81,TRUE
FF-DSF/20-MB-NY-Y,27.81,TRUE
FF-DSF/20-MB-NY-W,27.81,TRUE
FF-DSF/20-MB-NY-B,27.81,TRUE
FF-DSF/PET-40-NY-Y,27.81,TRUE
FF-DSF/PET-40-NY-B,27.81,TRUE
FF-DSF/PET-40-NY-R,27.81,TRUE
SC-DSF/HOR-25-NY-B,27.81,TRUE
SC-DSF/HOR-25-NY-R,27.81,TRUE
SC-DSF/HOR-25-NY-Y,27.81,TRUE
FF-DSF/ROS-NY-B,27.81,TRUE
FF-DSF/BF-28-NY-B,27.81,TRUE
FF-DSF/DU-02-NY-B,27.81,TRUE
FF-DSF/BF-28-NY-O,27.81,TRUE
FF-DSF/ROS-NY-O,27.81,TRUE
FF-DSF/DU-02-NY-Y,27.81,TRUE
FF-DSF/DU-02-NY-R,27.81,TRUE
FF-DSF/ROS-NY-Y,27.81,TRUE
FF-DSF/BF-28-NY-Y,27.81,TRUE
FF-DSF/HH-35-NY,27.81,TRUE
RS-NY/FE,27.81,TRUE
FF-DSF/HO-20-NY-B,27.81,TRUE
FF-DSF/25-NY-B,27.81,TRUE
FF-DSF/GU-35-NY-B,27.81,TRUE
FF-DSF/35-NY-B,27.81,TRUE
FF-DSF/RO-NY-B,27.81,TRUE
FF-DSF/30-NY-B,27.81,TRUE
RS-NY/FE-B,27.81,TRUE
FF-DSF/HH-35-NY-B,27.81,TRUE
FF-DSF/30-NY-R,27.81,TRUE
FF-DSF/35-NY-R,27.81,TRUE
FF-DSF/HO-20-NY-R,27.81,TRUE
FF-DSF/RO-NY-R,27.81,TRUE
FF-DSF/25-NY-R,27.81,TRUE
RS-NY/FE-R,27.81,TRUE
FF-DSF/HH-35-NY-R,27.81,TRUE
FF-DSF/GU-35-NY-R,27.81,TRUE
FF-DSF/HH-35-NY-W,27.81,TRUE
FF-DSF/25-NY-W,27.81,TRUE
FF-DSF/30-NY-W,27.81,TRUE
FF-DSF/GU-35-NY-W,27.81,TRUE
FF-DSF/35-NY-W,27.81,TRUE
FF-DSF/RO-NY-Y,27.81,TRUE
FF-DSF/35-NY-Y,27.81,TRUE
FF-DSF/HO-20-NY-Y,27.81,TRUE
FF-DSF/30-NY-Y,27.81,TRUE
FF-DSF/GU-35-NY-Y,27.81,TRUE
FF-DSF/HH-35-NY-Y,27.81,TRUE
FF-DSF/25-NY-Y,27.81,TRUE
RS-NY/FE-Y,27.81,TRUE
GRIP-WHITE-01,11,TRUE
MOULD-15,11,TRUE
MOULD-76,11,TRUE
MOULD-51,11,TRUE
MOULD-175,11,TRUE
MOULD-80,11,TRUE
MOULD-55,11,TRUE
MOULD-47,11,TRUE
MOULD-59,11,TRUE
MOULD-88,11,TRUE
MOULD-10,11,TRUE
MOULD-63,11,TRUE
MOULD-61,11,TRUE
MOULD-62,11,TRUE
MOULD-40,11,TRUE
MOULD-83,11,TRUE
MOULD-149,11,TRUE
MOULD-148,11,TRUE
MOULD-88BL,11,TRUE
GRIP-003,null,TRUE
CSCC,null,TRUE
CSM/GPBELT,null,TRUE
MPB-10/25MM,50,TRUE
MPB-12/CSP,50,TRUE
MPB-12,50,TRUE
MPB-12-GUK,50,TRUE
MPB-12/BF/22MM,50,TRUE
MPB-12/RO,50,TRUE
MPB-12-HH/30,50,TRUE
MPB-12/25MM,50,TRUE
MPB-12/30MM,50,TRUE
MPB-12/MF-40,50,TRUE
JV-PERF-001,50,TRUE
JV-PERF-004,50,TRUE
JV-PERF-007,50,TRUE
JV-PERF-008,50,TRUE
JV-PERF-002,50,TRUE
JV-PERF-005,50,TRUE
MPB-17/CSP,50,TRUE
MPB-17/50MM,50,TRUE
MPB-MB-17,50,TRUE
MPB-ROS-BA-17,50,TRUE
MPB-17/RO,50,TRUE
MPB-17/BF/22MM,50,TRUE
MPB-17,50,TRUE
MPB-17-HH/30MM,50,TRUE
MPB-17/25MM,50,TRUE
MPB-17/30MM,50,TRUE
MPB-17/MF-40,50,TRUE
MPB-17/BF/28MM,50,TRUE
MPB-17-GUK,50,TRUE
MPB-17/4SHEET,50,TRUE
JV-PERF-009,50,TRUE
JV-PERF-003,50,TRUE
JV-PERF-006,50,TRUE
MPB-ROS-BA-25,50,TRUE
MPB-25/BF/22MM,50,TRUE
MPB-25/RO,50,TRUE
MPB-25,50,TRUE
MPB-25/25MM,50,TRUE
MPB-25/30MM,50,TRUE
MPB-MB-25,50,TRUE
MPB-25/BF/28MM,50,TRUE
MPB-25-GUK,50,TRUE
MPB-25-HH/30MM,50,TRUE
MPB-25/50MM,50,TRUE
MPB-25/MF-40,50,TRUE
MPB-25/4SHEET,50,TRUE
MPB-25/MO,50,TRUE
MPB-40/30MM,50,TRUE
MPB-40,50,TRUE
MPB-40/4SHEET,50,TRUE
MPB-30-HOR,50,TRUE
MPB-36-HOR,50,TRUE
MPB-16-HOR,50,TRUE
MPB-6-HOR,50,TRUE
MPB-8-HOR,50,TRUE
MPB-4Z,42.9,FALSE
MPB-4K,35,FALSE
MPB-3Z,42.9,FALSE
MPB-3K,35,FALSE
MPB-2Z,42.9,FALSE
MPB-2K,35,FALSE
MPB-1.5Z,42.9,FALSE
MPB-1.5K,35,FALSE
MPB-52/25MM,50,TRUE
MPB-ROS-BA-52,50,TRUE
MPB-52/50MM,50,TRUE
MPB-52/MF-40,50,TRUE
MPB-MB-52,50,TRUE
MPB-52/BF/28MM,50,TRUE
MPB-52-HH/30MM,50,TRUE
MPB-52-GUK,50,TRUE
MPB-52,50,TRUE
MPB-52/BF/22MM,50,TRUE
MPB-52/30MM,50,TRUE
MPB-52/RO,50,TRUE
MPB-7,50,TRUE
MPB-72/BF/22MM,50,TRUE
MPB-72-GUK,50,TRUE
MPB-MB-72,50,TRUE
MPB-72,50,TRUE
MPB-72/25MM,50,TRUE
MPB-72/30MM,50,TRUE
MPB-ROS-BA-72,50,TRUE
MPB-8,50,TRUE
MPB-25/MOR,null,FALSE
MPB-25-Z,null,FALSE
MPB-17/SH-65,null,FALSE
MPB-12-Z,null,FALSE
MPB-17-Z,null,FALSE
MPB-8-Z,null,FALSE
MPB-17/46MM,50,TRUE
MPB-ST/MAILER-17,50,TRUE
MPB-25/46MM,50,TRUE
MPB-25/SH-55,50,TRUE
MPB-25/SH-65,50,TRUE
MPB-ST/MAILER-25,50,TRUE
MPB-52/46MM,50,TRUE
MPB-52/SH-55,50,TRUE
MPB-52/SH-65,50,TRUE
MPB-ST/MAILER-52,50,TRUE
MPB-26,50,TRUE
MPB-5,50,TRUE
MPB-17/WEB,50,TRUE
MPB-25/WEB,50,TRUE
MPB-40/WEB,50,TRUE
MPB-52/WEB,50,TRUE
PA-WEB,50,TRUE
PD-NY/SL-MF-40,29.2,TRUE
PD-NY/SL-30,29.2,TRUE
PD-NY/SL-HO,29.2,TRUE
PD-NY/SL-BF-22,29.2,TRUE
PD-NY/SL-HH-30,29.2,TRUE
PD-NY/SL-MB,29.2,TRUE
PD-NY/SL-MO,29.2,TRUE
PD-NY/SL-RO,29.2,TRUE
PD-NY/SL-ROS,29.2,TRUE
PD-NY/SL-HH-35,29.2,TRUE
PD-NY/SL-DM/30,29.2,TRUE
PD-NY/SL-BF-28,29.2,TRUE
PD-NY/SL-35,29.2,TRUE
PD-NY/SL-GU,29.2,TRUE
PD-NY/SL-25,29.2,TRUE
PD-NY/SL-CSM,29.2,TRUE
PD-NY/SL-CSP,29.2,TRUE
PD-NY/SL-CSJ,29.2,TRUE
PD-NY/SL-BF-28B,29.2,TRUE
PD-NY/SL-GU-B,29.2,TRUE
PD-NY/SL-MB-B,29.2,TRUE
PD-NY/SL-HO/B,29.2,TRUE
PD-NY/SL-30-B,29.2,TRUE
PD-NY/SL-RO-B,29.2,TRUE
PD-NY/SL-HH-35-B,29.2,TRUE
PD-NY/SL-50-B,29.2,TRUE
PD-NY/SL-MF-40-B,29.2,TRUE
PD-NY/SL-MO-B,29.2,TRUE
PD-NY/SL-ROS-B,29.2,TRUE
PD-NY/SL-DM/30-B,29.2,TRUE
PD-NY/SL-35-B,29.2,TRUE
PD-NY/SL-HH-30-B,29.2,TRUE
PD-NY/SL-BF-22-B,29.2,TRUE
PD-NY/SL-25-B,29.2,TRUE
PD-NY/SL-CSM-B,29.2,TRUE
PD-NY/SL-CSP-B,29.2,TRUE
PD-NY/SL-CSJ-B,29.2,TRUE
CP-HO-BLACK/BQ500,37.54,TRUE
CP-NY/SL-30-HH,37.54,TRUE
CP-NY/SL-BF-28,37.54,TRUE
CP-NY/SL-BF-22,37.54,TRUE
CP-HO-BLUE/BQ500,37.54,TRUE
CP-NY/SL-30-HH-B,37.54,TRUE
CP-NY/SL-BF-28-B,37.54,TRUE
CP-NY/SL-SH-65-B,37.54,TRUE
CP-NY/SL-BF-22-B,37.54,TRUE
CP-NY/SL-36,37.54,TRUE
CP-NY/SL-GUK,37.54,TRUE
CP-NY/SL-35-HH,37.54,TRUE
CP-NY/SL-HO,37.54,TRUE
CP-NY/SL-30,37.54,TRUE
CP-NY/SL-40-MOD,37.54,TRUE
CP-NY/SL-25,37.54,TRUE
CP-NY/SL-35,37.54,TRUE
CP-NY/SL-36-B,37.54,TRUE
CP-NY/SL-GUK-B,37.54,TRUE
CP-NY/SL-35-HH-B,37.54,TRUE
CP-NY/SL-HO-B,37.54,TRUE
CP-NY/SL-30-B,37.54,TRUE
CP-NY/SL-40-B-MOD,37.54,TRUE
CP-NY/SL-35-B,37.54,TRUE
CP-NY/SL-25-B,37.54,TRUE
CSCC/NY-SL,29.2,TRUE
PD-NY/SL-HH-40,29.2,TRUE
PD-NY/SL-HH-40B,29.2,TRUE
PD-NY/SL-HO-PROTO,29.2,TRUE
MT-NY/SL-MB,29.2,TRUE
MT-NY/SL-MB-B,29.2,TRUE
MT-NY/SL-25,29.2,TRUE
MT-NY/SL-25-B,29.2,TRUE
MT-NY/SL-30,29.2,TRUE
MT-NY/SL-30-B,29.2,TRUE
MT-NY/SL-35,29.2,TRUE
MT-NY/SL-35-B,29.2,TRUE
MT-NY/SL-GUK,29.2,TRUE
MT-NY/SL-HH-30-B,29.2,TRUE
MT-NY/SL-HH-35,29.2,TRUE
MT-NY/SL-HH-35-B,29.2,TRUE
PD-NY/SL-36-STA,29.2,TRUE
PD-NY/SL-36-STA-B,29.2,TRUE
PD-NY/SL-PET-40,29.2,TRUE
EF-PC/30-B,null,TRUE
EF-PC/30-Y,null,TRUE
FF-PC-SH/55-ADJ-Y,null,TRUE
EF-PC/35-B,null,TRUE
EF-PC/35-R,null,TRUE
EF-PC/35-Y,null,TRUE
QC-MU-PA/PC,null,TRUE
QC-MU-PO/PC,null,TRUE
TC-DEL-CA/FO-FP-USA/PC,null,TRUE
EF-PC-HH/67.5,null,TRUE
QC-DEL-KB-114/PC,null,TRUE
QC-BI-PC/BLACK,null,TRUE
QC-MU-PA01/PC-B-B,null,TRUE
QC-MU-PA01/PC-B-T,null,TRUE
QC-MU-PA/PC-B,18.08,TRUE
QC-MU-PO/PC-B,null,TRUE
EF-PC-HH/67.5-B,null,TRUE
QC-DEL-KB-114/PC-B,null,TRUE
QC-BI-PC/BLUE,null,TRUE
SC-MU/PC-RB-5,null,TRUE
SC-MU/PC-RB-5-B,null,TRUE
SC-MU/PC-RB-5-W,20.86,TRUE
QC-DEL-KB-94/PC,null,TRUE
SC-MU/PC-RB-5-Y,null,TRUE
QC-MU-TRE/PC,null,TRUE
QC-MU-TRE/PC-W,null,TRUE
FF-PC-ZA/40-B,null,TRUE
FF-PC-ZA/40-Y,null,TRUE
QC-MU-PA01/PC-O-T,null,TRUE
QC-MU-PA01/PC-O-B,null,TRUE
QC-MU-PO/PC-O,null,TRUE
QC-BI-PC/ORANGE,null,TRUE
SHC-PC-ADJ/04-Y,null,TRUE
QC-DEL-WO/98-ADJ-PC-O,null,TRUE
SC-MU/PC-RB-5-MOD,20.86,TRUE
QC-MU-ALE/PC-BLK,33.37,TRUE
QC-DEL-MPB/PC-B,20.86,TRUE
QC-DEL-UB-6-01/PC,20.86,TRUE
QC-DEL-UB-6/PC,null,TRUE
QC-MU-PA01/PC-T,null,TRUE
QC-MU-PA01/PC-B,null,TRUE
QC-MU-PAN/PC,33.37,TRUE
QC-DEL-WO-98/PC,20.86,TRUE
QC-KB-94,33.37,TRUE
QC-KB-94-B,33.37,TRUE
SC-MU/PC-RB-5-B-MOD,null,TRUE
QC-DEL-GO-6/PC-B,20.86,TRUE
QC-DEL-UB-6-01/PC-B,20.86,TRUE
QC-MU-PAN/PC-B,33.37,TRUE
QC-DEL-WO-98/PC-O,20.86,TRUE
QC-KB-94-O,null,TRUE
QC-DEL-MPB/PC-R,20.86,TRUE
SC-MU/PC-RB-5-R,20.86,TRUE
QC-DEL-UB-6/PC-EXH,null,TRUE
QC-KB-94-W,33.37,TRUE
QC-DEL-WO-98/PC-W,20.86,TRUE
QC-MU-PA01/PC-W-T,null,TRUE
QC-MU-PA01/PC-W-B,null,TRUE
SC-MU/PC-RB-5-W-MOD,20.86,TRUE
QC-DEL-KB-26/PC,20.86,TRUE
QC-MU-PA01/PC-Y-B,null,TRUE
QC-KB-94-Y,33.37,TRUE
QC-MU-PA01/PC-Y-T,null,TRUE
SC-MU/PC-RB-5-Y-MOD,20.86,TRUE
QC-DEL-KB-26/PC-Y,27,TRUE
QC-DEL-GO-6/PC-Y,20.86,TRUE
QC-MU-ALE/PC-Y,33.37,TRUE
QC-DEL-MPB/PC-Y,20.86,TRUE
QC-MU-PA/PC-R,null,TRUE
HO-ST/BL-PC,20.86,TRUE
HO-ST/YE-PC,20.86,TRUE
HO-ST/BK-PC,null,TRUE
DU-ST/BK-PC,null,TRUE
HO-ST/WH-PC,null,TRUE
DU-ST/WH-PC,null,TRUE
DU-ST/YE-PC,null,TRUE
EF-PC/KORA,null,TRUE
EF-PC-BF/28-B,null,TRUE
EF-PC/25-B,null,TRUE
EF-PC-HO/50-B,null,TRUE
EF-PC-BF/28-R,null,TRUE
EF-PC-BF/28-Y,null,TRUE
EF-PC-HO/50-Y,null,TRUE
EF-PC-HH/30-Y,null,TRUE
EF-PC/25-Y,null,TRUE
FF-PC-MB/20,null,TRUE
FF-PC/25,20.86,TRUE
FF-PC-HH/35,20.86,TRUE
FF-PC-HO/50,null,TRUE
FF-PC/35,20.86,TRUE
FF-PC/30,20.86,TRUE
PC-PC-LO-BLK,null,TRUE
FF-PC/DM-B,null,TRUE
FF-PC-ROS/25-B,null,TRUE
FF-PC/35-B,20.86,TRUE
FF-PC-GU/35-B,null,TRUE
FF-PC-BF/28-B,null,TRUE
FF-PC-RO/25-B,null,TRUE
FF-PC-SH/55-B,null,TRUE
FF-PC/30-B,null,TRUE
FF-PC-HO/50-B,20.86,TRUE
FF-PC-GU/35-R,null,TRUE
FF-PC-BF/28-R,null,TRUE
FF-PC/35-R,20.86,TRUE
FF-PC-HO/50-R,20.86,TRUE
FF-PC/25-R,20.86,TRUE
FF-PC-RO/25-R,null,TRUE
FF-PC/DM-R,null,TRUE
FF-PC/30-R,20.86,TRUE
FF-PC/25-W,20.86,TRUE
FF-PC/30-Y,null,TRUE
FF-PC-RO/25-Y,null,TRUE
FF-PC/35-Y,20.86,TRUE
FF-PC/DM-Y,null,TRUE
FF-PC-MB/20-Y,null,TRUE
FF-PC/25-Y,20.86,TRUE
FF-PC-SH/65-Y,null,TRUE
FF-PC-HO/50-Y,20.86,TRUE
FF-PC-HH/30-Y,null,TRUE
FF-PC-GU/35-Y,null,TRUE
FF-PC-SH/55-Y,20.86,TRUE
FF-PC-BF/28-Y,null,TRUE
QC-MU-PA/PC-W,null,TRUE
QC-MU-PO/PC-W,20.86,TRUE
EF-PC-HH/67.5-W,20.86,TRUE
QC-BI-PC/WHITE,null,TRUE
QC-MU-PA/PC-Y,null,TRUE
QC-MU-PO/PC-Y,null,TRUE
QC-BI-PC/YELLOW,null,TRUE
MU-GB-02-FE,null,TRUE
MOULD-164C,11,TRUE
MOULD-164B-30MM,14,TRUE
MOULD-86B-XY,14,TRUE
MOULD-164A,11,TRUE
MOULD-117B,11,TRUE
MOULD-177B,11,TRUE
MOULD-90B,11,TRUE
MOULD-117,11,TRUE
MOULD-139,11,TRUE
MOULD-110,11,TRUE
MOULD-113,11,TRUE
MOULD-135,11,TRUE
MOULD-115,11,TRUE
MOULD-141,11,TRUE
MOULD-184,11,TRUE
MOULD-92X,11,TRUE
MOULD-35,11,TRUE
MOULD-120,11,TRUE
MOULD-121,11,TRUE
MOULD-119,11,TRUE
MOULD-105BK,11,TRUE
MOULD-33,15,TRUE
MOULD-07,11,TRUE
MOULD-110B,14,TRUE
MOULD-14,11,TRUE
MOULD-34,15,TRUE
MOULD-01A,15,TRUE
MOULD-70,11,TRUE
MOULD-72,11,TRUE
MOULD-96,15,TRUE
MOULD-38,15,TRUE
MOULD-25,15,TRUE
MOULD-33A,15,TRUE
MOULD-02A,15,TRUE
MOULD-113B-SB,11,TRUE
MOULD-65B-SX,11,TRUE
MOULD-66B-SX,11,TRUE
MOULD-64B-SX,11,TRUE
MOULD-150,11,TRUE
MOULD-114X,11,TRUE
MOULD-113X,11,TRUE
MOULD-138,11,TRUE
MOULD-12,11,TRUE
MOULD-176B,14,TRUE
MOULD-109B,14,TRUE
MOULD-118,11,TRUE
MOULD-116,11,TRUE
MOULD-109,11,TRUE
MOULD-114,11,TRUE
MOULD-136,11,TRUE
MOULD-142,11,TRUE
MOULD-171A,11,TRUE
MOULD-90A,11,TRUE
MOULD-93X,11,TRUE
MOULD-37,11,TRUE
MOULD-09,11,TRUE
MOULD-198,11,TRUE
MOULD-197,11,TRUE
MOULD-199,11,TRUE
MOULD-174,11,TRUE
MOULD-82,11,TRUE
MOULD-86,11,TRUE
MOULD-82-X,11,TRUE
MOULD-87,11,TRUE
MOULD-85,15,TRUE
MOULD-167X,11,TRUE
MOULD-129,11,TRUE
MOULD-115X,11,TRUE
MOULD-167,15,TRUE
MOULD-92,11,TRUE
MOULD-128,11,TRUE
MOULD-93,11,TRUE
MOULD-169,11,TRUE
MOULD-169X,11,TRUE
MOULD-41,11,TRUE
MOULD-103X,11,TRUE
MOULD-130,11,TRUE
MOULD-170X,15,TRUE
MOULD-91,11,TRUE
MOULD-170,15,TRUE
MOULD-118B,11,TRUE
MOULD--08,11,TRUE
MOULD-06,11,TRUE
MOULD-03,11,TRUE
MOULD-187,11,TRUE
MOULD-188,11,TRUE
MOULD-90,11,TRUE
MOULD-185,11,TRUE
MOULD-89,11,TRUE
MOULD-05,27,TRUE
MOULD-26,27,TRUE
MOULD-36,28,TRUE
MOULD-174SX,11,TRUE
MOULD-182,11,TRUE
MOULD-153,27,TRUE
MOULD-60,27,TRUE
MOULD-172,27,TRUE
MOULD-180,11,TRUE
MOULD-154,27,TRUE
MOULD-171,27,TRUE
MOULD-24,27,TRUE
MOULD-179,11,TRUE
MOULD-02,11,TRUE
MOULD-23,27,TRUE
MOULD-01,27,TRUE
MOULD-173,27,TRUE
MOULD-22,27,TRUE
MOULD-181,11,TRUE
MOULD-71,11,TRUE
MOULD-53B,14,TRUE
MOULD-131B,14,TRUE
MOULD-17B,14,TRUE
MOULD-78B,14,TRUE
MOULD-45B,14,TRUE
MOULD-30,11,TRUE
MOULD-53,11,TRUE
MOULD-27,11,TRUE
MOULD-78,11,TRUE
MOULD-131,11,TRUE
MOULD-49,11,TRUE
MOULD-57,11,TRUE
MOULD-17,11,TRUE
MOULD-74,11,TRUE
MOULD-45,11,TRUE
MOULD-57B,11,TRUE
MOULD-49B,11,TRUE
MOULD-133B,11,TRUE
MOULD-79B,11,TRUE
MOULD-29B,11,TRUE
MOULD-54B,11,TRUE
MOULD-29,11,TRUE
MOULD-43,11,TRUE
MOULD-58,11,TRUE
MOULD-54,11,TRUE
MOULD-46,11,TRUE
MOULD-79,11,TRUE
MOULD-50,11,TRUE
MOULD-133,11,TRUE
MOULD-97,11,TRUE
MOULD-75,11,TRUE
MOULD-132B,11,TRUE
MOULD-50B,11,TRUE
MOULD-58B,11,TRUE
MOULD-46B,11,TRUE
MOULD-56B,11,TRUE
MOULD-77B,11,TRUE
MOULD-48B,11,TRUE
MOULD-16B,11,TRUE
MOULD-44B,11,TRUE
MOULD-52B,11,TRUE
MOULD-44,11,TRUE
MOULD-48,11,TRUE
MOULD-16,11,TRUE
MOULD-31,11,TRUE
MOULD-28,11,TRUE
MOULD-132,11,TRUE
MOULD-52,11,TRUE
MOULD-73,11,TRUE
MOULD-77,11,TRUE
MOULD-56,14,TRUE
MOULD-164B,14,TRUE
MOULD-72XH&H,11,TRUE
MOULD-86X,11,TRUE
MOULD-164-DM,11,TRUE
MOULD-164,11,TRUE
MOULD-158BLK,11,TRUE
MOULD-135B-SX,11,TRUE
MOULD-156B,14,TRUE
MOULD-126B-SX,14,TRUE
MOULD-152B,14,TRUE
MOULD-113B-XTRA,14,TRUE
MOULD-126B-PI,14,TRUE
MOULD-123BSX,14,TRUE
MOULD-117-BX,14,TRUE
MOULD-141B-X,14,TRUE
MOULD-144B-X,14,TRUE
MOULD-117B-SB,14,TRUE
MOULD-126B-SB,14,TRUE
MOULD-65B,14,TRUE
MOULD-126B,14,TRUE
MOULD-111B,14,TRUE
MOULD-107B,14,TRUE
MOULD-113SB,11,TRUE
MOULD-120SB,11,TRUE
MOULD-159,11,TRUE
MOULD-144X,11,TRUE
MOULD-147,11,TRUE
MOULD-152,11,TRUE
MOULD-144,11,TRUE
MOULD-135SB,11,TRUE
MOULD-117SB,11,TRUE
MOULD-123-SX,11,TRUE
MOULD-156,11,TRUE
MOULD-141X,11,TRUE
MOULD-162,11,TRUE
MOULD-126SB,11,TRUE
MOULD-126PI,11,TRUE
MOULD-139SB,11,TRUE
MOULD-126X,11,TRUE
MOULD-111,11,TRUE
MOULD-126,11,TRUE
MOULD-65,11,TRUE
MOULD-123,11,TRUE
MOULD-107,11,TRUE
MOULD-139B-X,11,TRUE
MOULD-147B,11,TRUE
MOULD-162B,14,TRUE
MOULD-120B-SB,14,TRUE
MOULD-159B,14,TRUE
MOULD-118B-SB,14,TRUE
MOULD-127B-SX,14,TRUE
MOULD-124BSX,14,TRUE
MOULD-114B-XTRA,14,TRUE
MOULD-136B-SX,14,TRUE
MOULD-163B,14,TRUE
MOULD-127B-SB,14,TRUE
MOULD-145B-X,14,TRUE
MOULD-142B-X,14,TRUE
MOULD-118-BX,14,TRUE
MOULD-127B-PI,14,TRUE
MOULD-66B,14,TRUE
MOULD-112B,14,TRUE
MOULD-101B,14,TRUE
MOULD-127B,14,TRUE
MOULD-136SB,11,TRUE
MOULD-142X,11,TRUE
MOULD-151,11,TRUE
MOULD-127X,11,TRUE
MOULD-155,11,TRUE
MOULD-118SB,11,TRUE
MOULD-138SB,11,TRUE
MOULD-121SB,11,TRUE
MOULD-189,11,TRUE
MOULD-114SB,11,TRUE
MOULD-145,11,TRUE
MOULD-127SB,11,TRUE
MOULD-163,11,TRUE
MOULD-160,11,TRUE
MOULD-124-SX,11,TRUE
MOULD-127PI,11,TRUE
MOULD-127,11,TRUE
MOULD-66,11,TRUE
MOULD-124,11,TRUE
MOULD-101,11,TRUE
MOULD-112,11,TRUE
MOULD-140B-X,11,TRUE
MOULD-104B-XTRA,14,TRUE
MOULD-119B-SB,14,TRUE
MOULD-137B-X,14,TRUE
MOULD-146B,14,TRUE
MOULD-161B,14,TRUE
MOULD-138B-X,14,TRUE
MOULD-160B,14,TRUE
MOULD-121B-SB,14,TRUE
MOULD-155B,14,TRUE
MOULD-122BSX,14,TRUE
MOULD-143B-X,14,TRUE
MOULD-102-BX,14,TRUE
MOULD-157B,14,TRUE
MOULD-158B,14,TRUE
MOULD-134B-SX,14,TRUE
MOULD-125B-SX,14,TRUE
MOULD-125B-SB,14,TRUE
MOULD-125B-PI,14,TRUE
MOULD-102B-SB,14,TRUE
MOULD-125B,14,TRUE
MOULD-108B,14,TRUE
MOULD-64B,14,TRUE
MOULD-105B,14,TRUE
MOULD-143X,11,TRUE
MOULD-157,11,TRUE
MOULD-122-SX,11,TRUE
MOULD-125SB,11,TRUE
MOULD-137SB,11,TRUE
MOULD-143,11,TRUE
MOULD-158,11,TRUE
MOULD-104SB,11,TRUE
MOULD-161,11,TRUE
MOULD-140X,11,TRUE
MOULD-134SB,11,TRUE
MOULD-125PI,11,TRUE
MOULD-119SB,11,TRUE
MOULD-102SB,11,TRUE
MOULD-125X,11,TRUE
MOULD-146,11,TRUE
MOULD-122,11,TRUE
MOULD-108,11,TRUE
MOULD-125,11,TRUE
MOULD-64,11,TRUE
MOULD-105,11,TRUE
MOULD-86X-Y,11,TRUE
MOULD-13,11,TRUE
MOULD-172A,11,TRUE
MOULD-137,11,TRUE
MOULD-18,11,TRUE
MOULD-102B,11,TRUE
MOULD-178B,11,TRUE
MOULD-89B,11,TRUE
MOULD-91B,11,TRUE
MOULD-102,11,TRUE
MOULD-103,11,TRUE
MOULD-106,11,TRUE
MOULD-104,11,TRUE
MOULD-134,11,TRUE
MOULD-140,11,TRUE
MOULD-173A,11,TRUE
MOULD-91X,11,TRUE
MOULD-39,11,TRUE
790-SS-BLUE,null,TRUE
790-SS-ORANGE,null,TRUE
790-SS-WHITE,null,TRUE
790-SS-YELLOW,null,TRUE
317-SS-BLACK,null,TRUE
317-SS-BLUE,null,TRUE
317-SS-ORANGE,null,TRUE
317-SS-YELLOW,null,TRUE
317-SS-WHITE,null,TRUE
SP-SHC/35-RD,null,TRUE
QC-WO/SP,null,TRUE
CSP-FBELT,158.12,TRUE
SC-MU-SP,null,TRUE
SP-MT/30-1,null,TRUE
SP-MT/25-1,null,TRUE
SP-MT/35-1,null,TRUE
SP-MT/30-2,null,TRUE
SP-MT/25-2,null,TRUE
SP-MT/35-2,null,TRUE
SP-MT/30-3,null,TRUE
SP-MT/25-3,null,TRUE
SP-MT/35-3,null,TRUE
SP-MT/30-4,null,TRUE
SP-MT/25-4,null,TRUE
SP-MT/35-4,null,TRUE
SP-MT/30-5,null,TRUE
SP-MT/25-5,null,TRUE
SP-MT/35-5,null,TRUE
SP-MT/30-6,null,TRUE
SP-MT/25-6,null,TRUE
SP-MT/35-6,null,TRUE
SP-MT/SH-55-0.8,null,TRUE
QC-WO/10MM-HINGE-SP,null,TRUE
QC-WO-6C/6MM-HINGE-SP-B,null,TRUE
QC-WO-6C/6MM-HINGE-SP-T,null,TRUE
TWS-ID/HO30.5,null,TRUE
TWS-ID/MBO-35-3,null,TRUE
TWS-ID/MBO-35-5,null,TRUE
TWS-ID/MBO-35.3,null,TRUE
TWS-ID/MBO-35.5,null,TRUE
TWS-ID/AGOR-3,null,TRUE
TWS-ID/AGOR-5,null,TRUE
TWS-ID/GUK35-CREASER-3,null,TRUE
TWS-ID/GUK35-CREASER-5,null,TRUE
TWS-ID/GUK35-1,null,TRUE
TWS-ID/HO20-3,null,TRUE
TWS-ID/MB-3,null,TRUE
TWS-ID/25-3,null,TRUE
TWS-ID/MBO30-3,null,TRUE
TWS-ID/HH30.3,null,TRUE
TWS-ID/GUK35-3,null,TRUE
TWS-ID/35-3,null,TRUE
TWS-ID/MBO-40.3,null,TRUE
TWS-ID/HH45.3,null,TRUE
TWS-ID/HO20-4,null,TRUE
TWS-ID/MB-4,null,TRUE
TWS-ID/25-4,null,TRUE
TWS-ID/MBO30-4,null,TRUE
TWS-ID/HH30.4,null,TRUE
TWS-ID/35-4,null,TRUE
TWS-ID/GUK35-4,null,TRUE
TWS-ID/DCM-4,null,TRUE
TWS-ID/MBO-40.4,null,TRUE
TWS-ID/HO20-5,null,TRUE
TWS-ID/MB-5,null,TRUE
TWS-ID/25,null,TRUE
TWS-ID/MBO30-5,null,TRUE
TWS-ID/HH30.5,null,TRUE
TWS-ID/35,null,TRUE
TWS-ID/GUK35-5,null,TRUE
TWS-ID/DCM-5,null,TRUE
TWS-ID/MBO-40.5,null,TRUE
QC-BI-PC,null,FALSE
QC-BI-PC/W,null,FALSE
SC-10,101,TRUE
SC-17,101,TRUE
FEMALE-20-FIX,null,TRUE
MT-FL-BH-MB/20,null,TRUE
MPB-25/CSP,null,TRUE
CP-AP-NSH/25,null,TRUE
CP-AP-NSH/25-BLACK,null,TRUE
FEMALE-25-FIX,null,TRUE
FEMALE-25,null,TRUE
25MM-HO-SPRING,null,TRUE
CP-AP-NSH/30,null,TRUE
FEMALE-30,null,TRUE
CP-AP-NSH/35,null,TRUE
SHC-ADJ/04-FE-WI,null,TRUE
SHC-ADJ/04-FE-O/BX2,null,TRUE
EF-35/FIX-FE,null,TRUE
FEMALE-35-FIX,null,TRUE
FEMALE-35,null,TRUE
FEMALE-GUK-35FIX,null,TRUE
MALE-35,null,TRUE
EP001042,null,TRUE
MT-FL-BH-02/35,null,TRUE
MT-02/PERF-ATT,null,TRUE
KC-02-36,null,TRUE
3MM-HEX-TOOL,null,TRUE
3MM-L-WRE,null,TRUE
3MMX10MM-SCREW,null,TRUE
MPB-40/CSP,null,TRUE
PD-BH/K,130,TRUE
EP000954,null,TRUE
4MM-HEX-TOOL,null,TRUE
4MM-ALL-TOOL,null,TRUE
4MM-L-WRE,null,TRUE
Z-TAPE-ADH/4X50,null,TRUE
Z-16BOX,null,TRUE
MPB-52/CSP,null,TRUE
EP00001158,null,TRUE
EP9300,null,TRUE
QC-DEL-MPB/30-FP-5-HINGE,null,TRUE
6MMX36-SCREWS,null,TRUE
MPB-8/CSP,null,TRUE
8MMX8-SCREWS,null,TRUE
Z-TAPE-ADH/8X50,null,TRUE
LUGFILLER,null,TRUE
AGOR-2,null,TRUE
AGOR-1,null,TRUE
AGOR-3,null,TRUE
MOULD-98BLK,null,TRUE
QC-CSM/PC,null,TRUE
MOULD-183,null,TRUE
CSJ/30-BH-PACK,null,TRUE
CSP/35-BH-PACK,null,TRUE
C-SPAN68.75,null,TRUE
CSCC-CT-PACK,null,TRUE
CSCC-CT,null,TRUE
SC-HO-02/CLIP,null,TRUE
SC-HD-04/CLIP,null,TRUE
COLLAR-FF-SMY,null,TRUE
COLLAR-QC-PA,null,TRUE
CP-AP-FL-BH/35,null,TRUE
CS-ALLEN-4MM,null,TRUE
CSM-AF-CP/DSF,null,TRUE
CSM-AF-DC/DSF,null,TRUE
CSCC-FE-PACK,null,TRUE
CSCC/20-HOLDER,null,TRUE
CSCC-MP,null,TRUE
CSCC-MP-PACK,null,TRUE
CSCC-SHC-DSF,null,TRUE
CS-CARDFOLDER,null,TRUE
TECH037,null,TRUE
CSJ-US,null,TRUE
CSJ,null,TRUE
CSM/25-BH,null,TRUE
CSM-CP-PACK,null,TRUE
CSM-DC-PACK,null,TRUE
CSM-DC,null,TRUE
CSM-SHC-PACK,null,TRUE
QC-CSM/25-FP-6,null,TRUE
CSM-SHC,null,TRUE
TECH368,null,TRUE
CSP/35-CT,null,TRUE
CSP-PACK,null,TRUE
Z-DVD-CREASING,null,TRUE
CSJ/30-FE-PACK,null,TRUE
CSP/35-FE-PACK,null,TRUE
CSM/25-FE-PACK,null,TRUE
CSP/35-HOLDER,null,TRUE
CSJ/30-HOLDER,null,TRUE
CSM/25-HOLDER,null,TRUE
CSCC-COLLAR-B,null,TRUE
CS-APLUS-PER-ST,null,TRUE
CS-AP-TABLE,null,TRUE
CSCC-COLLAR-T,null,TRUE
CS-CF-BATCHCOU,null,TRUE
CSCC/SIDELAY,null,TRUE
CSJ-SMOOTHER,null,TRUE
CSJ-TOPWASTE,null,TRUE
CSM/TOWERSCRE,null,TRUE
TECH544,null,TRUE
CSM-AF-ELBOARD,null,TRUE
CSM/25-MP,null,TRUE
CSM/HANDLE,null,TRUE
CSM-DELTRAY,null,TRUE
CSM-AF-DOGAMO,null,TRUE
CSM-ADAPT24V,null,TRUE
CSM/25-FE-HOLD,null,TRUE
CSM/ENDSTOP,null,TRUE
CSM/SLAY,null,TRUE
CSM/SIDESTOP,null,TRUE
CSM/SBAR,null,TRUE
CSM-ORING,null,TRUE
CSM/SM59349977,null,TRUE
CSM-FTROLLER,null,TRUE
CSM/25-CT,null,TRUE
CSM-AF-TS,null,TRUE
CSM/25-BH-PACK,null,TRUE
CSM/25-DSF-PACK,null,TRUE
CSM-AF-LSW,null,TRUE
CSM-AF-ON/OFF,null,TRUE
CSM-LCBEARING,null,TRUE
CSM/25-GB-TOP,null,TRUE
CSM-QF-DC/DSF,null,TRUE
CSM-QF-CP/DSF,null,TRUE
CSM-FEEDER13,null,TRUE
CSM/RSLAY-ADJ,null,TRUE
CSM/LSLAY-96-41,null,TRUE
CSM/RSLAY-96-41,null,TRUE
CSM/LSLAY-FIXED,null,TRUE
CS-TABLE,null,TRUE
CSP-SGB,null,TRUE
TECH049,null,TRUE
TC-ROS-BA-20/FP,null,TRUE
TC-DEL-PE/26-FP,null,TRUE
DC-JAB-SC/01-FP,null,TRUE
TC-STA-EU/01-FP,null,TRUE
TC-STA-SM/35-FP,null,TRUE
MT-CR/25-CAS,null,TRUE
MT-CR/35-CAS,null,TRUE
TC-STA-ST/20-FP,null,TRUE
PD-ROS-BA/25-FP,null,TRUE
PD-NY/SL-HO-B-USA,null,TRUE
PD-NY/SL-HO-USA,null,TRUE
PD-PAL/MAILER-FP,null,TRUE
TC-DIG-RO/20-FP,null,TRUE
PD-DEL-MORGANA,null,TRUE
PD-NY/SL-MOR,null,TRUE
FF-HO/30-DSF,null,TRUE
CSM/25-FE-PACK-DSF,null,TRUE
EF-HO/20-DSF,null,TRUE
MALE-EF-BF/28,null,TRUE
EX-PD-DEL-SM/35-FP,null,TRUE
EX-CSM/25-MP,null,TRUE
EX-QC-03,null,TRUE
EX-EF-HO/50-FP,null,TRUE
EX-FF-ST/25-FP-DSF-01-B,null,TRUE
EX-FF-ST/25-FP-01,null,TRUE
EX-FF-MF/30-DSF-01,null,TRUE
EX-FF-MF/30-FP-01,null,TRUE
EX-FF-SM/35-FP-01,null,TRUE
EX-MT-04/PERF-OPTION-1,null,TRUE
EX-MT-02/CUTTING.OPTION2,null,TRUE
EX-CC-MU-01,null,TRUE
EX-CSM/25-FF-DS,null,TRUE
EX-TC-DEL-SM/35-FP,null,TRUE
TECH224,null,TRUE
SCRIBER,null,TRUE
FF-DU/DSF-FP-04,null,TRUE
693-FF,null,TRUE
MALE-25/FF-LG,null,TRUE
FF-MB/20-DSF,null,TRUE
CSCC-FF-DSF,null,TRUE
FEMALE-30-FIX,null,TRUE
FEMALE-35/OB,null,TRUE
TC-25-BR,null,TRUE
FEMALE-BOSS/36,null,TRUE
FEMALE-HO/65,null,TRUE
FEMALE-CP-AP/35-B,null,TRUE
FEMALE-CP-AP/35-Y,null,TRUE
FEMALE-CP-AP/35-O,null,TRUE
FEMALE-HH/35,null,TRUE
FEMALE-HO/50,null,TRUE
FEMALE-SC-HOR/25,null,TRUE
FEMALE-BF/28,null,TRUE
FEMALE-GUK-59.4/OB,null,TRUE
FEMALE-MU/ADJ,null,TRUE
GB-ST/25-FP-FE,null,TRUE
TECH247R2,null,TRUE
FEMALE-HH/30-FIX,null,TRUE
CC-MU-01-BOLT,null,TRUE
TECH247GR1,null,TRUE
CP-AP-NSH/GUK,null,TRUE
FEMALE-GUK-35,null,TRUE
624-SS,null,TRUE
HORIZON-50/01,null,TRUE
CD-SP-HO/20-FP-USA,null,TRUE
MOULD-186,14,TRUE
HO-GB-02/VP-66,null,TRUE
HORIZON-VP-66/02,null,TRUE
SC-HORSESHOE,null,TRUE
G1022-HANDLE,null,TRUE
KC-CR-36,null,TRUE
KC-01-36,null,TRUE
QC-DEL-KB/114-FP-9,null,TRUE
QC-DEL-KB/26-FP-6-FEM,null,TRUE
FF-DEL/KON-CR,null,TRUE
MT-BH-BF/28,null,TRUE
DEMO-UNIT-L,null,TRUE
EP00004725/1,null,TRUE
COLLAR-EF-25,null,TRUE
COLLAR-FF-25,null,TRUE
COLLAR-FF-30,null,TRUE
COLLAR-EF-35,null,TRUE
COLLAR-FF-35,null,TRUE
COLLAR-FF-DM,null,TRUE
COLLAR-FF-RS,null,TRUE
COLLAR-EF-GUK-35,null,TRUE
COLLAR-FF-GUK/35,null,TRUE
COLLAR-FF-HH/35,null,TRUE
COLLAR-FF-RO,null,TRUE
COLLAR-FF-ROS,null,TRUE
COLLAR-FF-SH/55,null,TRUE
10MMX14-SCREWS,null,TRUE
M4X6MMBESPOKESCREW,null,TRUE
5MMX6-DOM-SCREWS,null,TRUE
M6X4.2MMSCREW,null,TRUE
6MM-SCREWS,null,TRUE
6MMX6.5SCREWS,null,TRUE
6MMX8-SCREWS,null,TRUE
8MMX6-SCREWS,null,TRUE
503700400,null,TRUE
MALE-25,null,TRUE
MALE-30,null,TRUE
MALE-HH/46,null,TRUE
MALE-GUK/35,null,TRUE
MALE-HH/35,null,TRUE
MALE-30-FP,null,TRUE
MALE-35/FP,null,TRUE
MALE-RS/28.59,null,TRUE
MALE-RO/25,null,TRUE
MALE-MU/ADJ,null,TRUE
MALE-30/MT-01,null,TRUE
M/F-TRI-WEB,null,TRUE
TECH409,null,TRUE
MALE-MB/20,null,TRUE
FEMALE-MB-20-FIX/OC,null,TRUE
FEMALE-MB20-FIX,null,TRUE
FEMALE-MB/20,null,TRUE
790-SS,null,TRUE
PD-NSH/GU,null,TRUE
PD-NSH/25,null,TRUE
PD-NSH/35,null,TRUE
PD-BH-ST/25,null,TRUE
PD-BH-MF/30,null,TRUE
PD-BH-SM/35,null,TRUE
PD-BH-DM/30,null,TRUE
PD-NSH/MO,null,TRUE
EP000874,null,TRUE
SC-MU/ADJ-FC,null,TRUE
SC-MU/ADJ-MC,null,TRUE
EP00002414,null,TRUE
MU-DRUM-TAPE,null,TRUE
MT-SC-COLL-02/35,null,TRUE
MT-BH-HO/20,null,TRUE
MT-BH-03/25,null,TRUE
MT-BH-04/30,null,TRUE
MT-BH-HH/30,null,TRUE
MT-BH-02/35,null,TRUE
MT-BH-HH/35,null,TRUE
MT-BH-01/36,null,TRUE
MT-BH-SH/65,null,TRUE
G243,null,TRUE
DEMO-02,null,TRUE
TECH355,null,TRUE
TECH358,null,TRUE
CP-NSH/35,null,TRUE
CP-NSH/30-HH,null,TRUE
QC-01,null,TRUE
MOULD-19,null,TRUE
TC-STA-HH/30-FP,null,TRUE
TC-STA-HO/20-FP,null,TRUE
MT-NSH-03/25,null,TRUE
MOULD-137B-SB,null,TRUE
TS-STA-ST/25-FP,null,TRUE
MOULD-138B-SB,null,TRUE
FF-SH/15-FP,null,TRUE
MT-NSH-02/35,null,TRUE
MT-02/CAS/PERF-OPTION-1,null,TRUE
CP-AP-NSH/35-B,null,TRUE
MT-02/35.002-CUTTING-2,null,TRUE
MT-02/35.002-PERF-1,null,TRUE
MOULD-139B-SB,null,TRUE
PROT0-MT-35-002,null,TRUE
QC-DEL-MPB/30-FP-3,null,TRUE
QC-DEL-MPB/30-FP,null,TRUE
QC-MU/TRE-FP-8,null,TRUE
QC-02,null,TRUE
FF-SH/15-FP-PACK,null,TRUE
SHC-CSJ-ADJ/30-FP,null,TRUE
CSCC-DSF/SHC-NY-B,null,TRUE
CSJ-PACK,null,TRUE
MT-NSH-HH/30,null,TRUE
QC-BOX,null,TRUE
PS-STA-SM/35-FP,null,TRUE
TECH447RED,null,TRUE
M3X5.8-TORX-SCREW,null,TRUE
MB-SPRING,null,TRUE
PROTO-PD-35-002,null,TRUE
QC-MU/VA-FP-03,null,TRUE
MU-RED-TA,null,TRUE
TECH407R/HBOLT,null,TRUE
SHIM-SP/PACK,null,TRUE
SHOEI-55/ADJ,null,TRUE
SHOEI-55/01,null,TRUE
SHOEI-65/01,null,TRUE
CP-AP-NSH-SH/55,null,TRUE
CP-AP-NSH-SH/65,null,TRUE
SHOEI-65/02,null,TRUE
Z-SHRINK-WRAP,null,TRUE
FEMALE-BF/22,null,TRUE
Z-JIFFY-S,null,TRUE
G3382,null,TRUE
G1022,null,TRUE
DC-STA-MB/20-FP,null,TRUE
PD-36-FP,null,TRUE
MU-STEEL-TAPE,null,TRUE
8TORX-TOOL,null,TRUE
MOULD-164-25MM,11,TRUE
FF-VID-CARD,null,TRUE
CP-AP-FL-GH/35,null,TRUE
SC-HD-04/S&W,null,TRUE
TWS-ID/MBO-30.5-SHORT,null,TRUE
SPYDER,null,TRUE
WEB-ETM/HOLDER,null,TRUE
GB-WO/98,null,TRUE
CP-AP-BF/22-FP,null,TRUE
CP-HO/BQ500,null,TRUE
CP-AP-QC/36-FP,null,TRUE
CP-AP-SM/35-FP-GUK,null,TRUE
CP-AP-HH/35-FP,null,TRUE
CP-AP-HO/20-FP,null,TRUE
CP-AP-MF/30-FP,null,TRUE
CP-AP-MF/40-FP,null,TRUE
CP-AP-SM/35-FP,null,TRUE
CP-AP-ST/25-FP,null,TRUE
CP-AP-BF/28-FP,null,TRUE
TC-DEL-HO/20-FP-USA,null,TRUE
TC-DEL-BO/35-FP,null,TRUE
TC-DEL-CA/FO-FP-USA,null,TRUE
TC-DEL-MG/15-FP,null,TRUE
TC-DEL-SH/65-FP,null,TRUE
TC-DEL-BR/35-FP,null,TRUE
TC-DEL-DM/30-FP,null,TRUE
TC-DEL-HH/30-FP,null,TRUE
TC-DEL-SH/55-FP,null,TRUE
TC-DEL-GU/35-FP,null,TRUE
FF-STA-ST/25-FIX-01,null,TRUE
TC-DEL-HO/20-FP,null,TRUE
TC-DEL-HO/25-FP,null,TRUE
TC-DEL-MF/30-FP-2,null,TRUE
TC-DEL-GU/35-FP-2,null,TRUE
TC-DEL-ST/50-FP,null,TRUE
TC-DEL-HH/35-FP,null,TRUE
TC-DEL-BF/28-FP,null,TRUE
TC-DEL-MF/30-FP,null,TRUE
TC-ROT-CR-30/FP,null,TRUE
TC-RO-CA/25-FP,null,TRUE
TC-DEL-BF/22-FIXED,null,TRUE
TC-DEL-BF/22-FP,null,TRUE
TC-DEL-ST/25-FP,null,TRUE
TC-DEL-SM/35-FP,null,TRUE
TC-STA-GW/FP,null,TRUE
EF-25/FIX-FE,null,TRUE
EF-ST/25-3CREASE,null,TRUE
EF-SM/35-FP-USA,null,TRUE
EF-AG/28-FP,null,TRUE
EF-BAC-FP,null,TRUE
EF-ST/20-FP-01,null,TRUE
EF-SM/35-3CREASE,null,TRUE
EF-RO/25-DSF,null,TRUE
EF-PIV/32-FIX,null,TRUE
EF-HH/67.5-FP-02,null,TRUE
EF-ROS/25-FP-01,null,TRUE
EF-SM/35-5CREASE,null,TRUE
EF-ST/25-FP-USA,null,TRUE
EF-HO-ADJ/6C-FP,null,TRUE
EF-ITA/25-FP,null,TRUE
TC-DEL-MA/32-FP,null,TRUE
EF-SM/36-FIX,null,TRUE
EF-HH/69.5-FP,null,TRUE
EF-HO/50-FP-USA,null,TRUE
EF-BR-RO/20-FP,null,TRUE
EF-SAMC-FP,null,TRUE
EF-ST/25-DSF,null,TRUE
EF-ST/25-FP-DSF-01-B,null,TRUE
EF-MF/30-DSF,null,TRUE
EF-MF/30-FP-DSF-01-B,null,TRUE
EF-SM/35-DSF,null,TRUE
EF-SM/35-FP-DSF-01-B,null,TRUE
EF-FI/40-FP,null,TRUE
EF-HO/30-FP,null,TRUE
EF-FI/40-FIX,null,TRUE
QC-03,null,TRUE
EF-36-FIXED,null,TRUE
EF-BF/22-FP,null,TRUE
EF-BF/28-FP,null,TRUE
EF-DM/30-FP,null,TRUE
TC-DEL-FI/40-FP,null,TRUE
EF-FI/45,null,TRUE
TC-DEL-FI/64-FP,null,TRUE
TC-DEL-GA/01-FP,null,TRUE
EF-GU/35-FP,null,TRUE
EF-GU/35-FIX,null,TRUE
EF-HH/25-FP,null,TRUE
EF-HH/30-FIX,null,TRUE
EF-HH/35-FP,null,TRUE
EF-HH/67.5-FP-01,null,TRUE
EF-HH/67.5-FP,null,TRUE
EF-HO/50-FP,null,TRUE
EF-HO/25-FP,null,TRUE
EF-HO/65-FP,null,TRUE
EF-KORA/01-FP,null,TRUE
EF-MB/20-FP,null,TRUE
EF-MF/30-FP,null,TRUE
EF-MF/40-FIX,null,TRUE
TC-DEL-MF/60-FP,null,TRUE
EF-DEL-PE/26-FP,null,TRUE
EF-RO/20-REV,null,TRUE
EF-RO/20-FP,null,TRUE
EF-ROS/25-FP,null,TRUE
EF-SH/35-FP,null,TRUE
EF-SM/35-FP,null,TRUE
EF-SM/35-FIX,null,TRUE
EF-ST/20-FP,null,TRUE
EF-ST/25-FP,null,TRUE
EF-ST/45-FP,null,TRUE
EF-ST/50-FP,null,TRUE
EF-FI/45-FP,null,TRUE
FF-DM-DSF,null,TRUE
FF-36-DSF,null,TRUE
FF-MB/20FIX-01,null,TRUE
FF-MB/20-FP,null,TRUE
FF-MB/20-FIX,null,TRUE
FF-STA-ST/25-FIX,null,TRUE
FF-STA-MF/30-FIX,null,TRUE
FF-STA-SM/35-FIX,null,TRUE
FF-36-FP-01,null,TRUE
FF-DM-DSF-01-B,null,TRUE
FF-HH/30-FIX,null,TRUE
FF-RO/25-FP,null,TRUE
FF-GU/35-FP-X,null,TRUE
FF-MF/40-FIX,null,TRUE
FF-HH/35-FP,null,TRUE
FF-GU/35-FP,null,TRUE
FF-ROS/25-FP,null,TRUE
FF-ST/25-FP-01-B,null,TRUE
FF-ST/25-FIX-01-B,null,TRUE
FF-ST/25-FIX,null,TRUE
FF-MF/30-FP-01-B,null,TRUE
FF-MF/30-FP,null,TRUE
FF-SM/35-FP-02-OB,null,TRUE
FF-SM/35-FIX-01-B-V,null,TRUE
FF-SM/35-FP-01-B,null,TRUE
FF-SM/35-FIX-01-B,null,TRUE
FF-BF/22-ECO,null,TRUE
FF-DU/DSF-FP-03,null,TRUE
FF-DU/DSF-FP-02,null,TRUE
FF-DU/DSF-FP-01,null,TRUE
FF-HH/30-FIX-3FEM-01,null,TRUE
FF-HH/30-FIX-01-B,null,TRUE
FF-HH/46-FIX,null,TRUE
FF-HO/50-FP-B,null,TRUE
FF-HO/VP-66-FP,null,TRUE
FF-MF/30-FIX-6B,null,TRUE
FF-MU/WEB-FP,null,TRUE
FF-SM/35-FIX-B,null,TRUE
FF-BF/28-FP,null,TRUE
FF-ST/25-FIX-B,null,TRUE
FF-35-FIX,null,TRUE
FF-36-FP-SV,null,TRUE
FF-SM/35-FP-B,null,TRUE
FF-ST/25-FP-B,null,TRUE
FF-MF/30-FP-B,null,TRUE
"FF-SH/65-FP/1.5""",null,TRUE
FF-ROS/25-FP-01-B,null,TRUE
FF-SH/65-45-FP,null,TRUE
FF-SH/55-FP-SV,null,TRUE
FF-SH/65-FP-SV,null,TRUE
FF-BF/22-FP-01-B,null,TRUE
FF-BF/22-FP,null,TRUE
PD-DEL-MO/15-FP-PACK,null,TRUE
FF-HO/20-DSF,null,TRUE
FF-RO/25-DSF,null,TRUE
FF-ST/25-DSF,null,TRUE
FF-ST/25-FP-DSF-01-B,null,TRUE
FF-MF/30-DSF,null,TRUE
FF-MF/30-FP-DSF-01-B,null,TRUE
FF-SM/35-DSF,null,TRUE
FF-SM/35-LG-DSF,null,TRUE
FF-SM/35-FP-DSF-01-B,null,TRUE
FF-SM/35-DSF-SV,null,TRUE
FF-36-DSF-SV,null,TRUE
FF-MF/40-DSF,null,TRUE
CSM/25-FF-DSF,null,TRUE
FF-GU/35-FP-DSF-01-B,null,TRUE
FF-GU/35-DSF,null,TRUE
FF-HH/35-DSF,null,TRUE
FF-HO/20-FP-DSF-01-B,null,TRUE
FF-PET/40-FP-DSF-01-B,null,TRUE
FF-RO/25-FP-DSF-01-B,null,TRUE
FF-SM/35-FP-01-EXH,null,TRUE
FF-HH/35-FP-DSF-01-B,null,TRUE
FF-MF/40-FP-DSF-01-B,null,TRUE
FF-RO/25-FP-SV,null,TRUE
FF-36-FP,null,TRUE
FF-36-FIX,null,TRUE
FF-BF/22-FP-01,null,TRUE
FF-BF/28-FP-01,null,TRUE
FF-DM-FP-01,null,TRUE
FF-DM-FIX-01,null,TRUE
FF-EC-FP,null,TRUE
FF-GA/01-FP-01,null,TRUE
FF-GW-FP-01-B,null,TRUE
FF-GU/35-FP-01,null,TRUE
FF-GU/35-FIX-01,null,TRUE
FF-HH/20-FIX,null,TRUE
FF-HH/25-FIX-01-B,null,TRUE
FF-HH/30-FIX-01,null,TRUE
FF-HH/35-FP-01,null,TRUE
FF-HH/40-FIX,null,TRUE
FF-HO/50-FP,null,TRUE
FF-HO/40.2-FP-01,null,TRUE
FF-HO/65-FP,null,TRUE
FF-LO-01,null,TRUE
FF-MB/20-FP-01,null,TRUE
FF-MF/30-FP-01,null,TRUE
FF-MF/40-FIX-01,null,TRUE
FF-MF/30-FP-02,null,TRUE
FF-SH/15-FP-01-B,null,TRUE
FF-SH/15-FP-01-B-PACK,null,TRUE
FF-PI/27-FIX-01,null,TRUE
FF-RO/25-FP-01,null,TRUE
FF-ROS/25-FP-01,null,TRUE
FF-RS-FP-01,null,TRUE
FF-SH/55-FP,null,TRUE
FF-SH/65-FP,null,TRUE
FF-SH/65-FIX,null,TRUE
FF-SMY/30-FP-01,null,TRUE
FF-ST/25-FIX-01,null,TRUE
FF-SM/35-FP,null,TRUE
FF-SM/35-FP-01,null,TRUE
FF-SM/35-FIX-01,null,TRUE
FF-SM/35-FIX,null,TRUE
FF-ST/25-FP-01,null,TRUE
FF-ST/25-FP,null,TRUE
UCHIDA-29/01,null,TRUE
FF-ZA/40-FP,null,TRUE
GB-CSM/25-FP,null,TRUE
GB-ST/25-FP,null,TRUE
GB-MF/30-FP,null,TRUE
GB-SM/35-FP,null,TRUE
THIN-GB/36-01,null,TRUE
GB-MF/40-FP,null,TRUE
MU-GB-02,null,TRUE
MU-GB-03,null,TRUE
CSM/25-GB,null,TRUE
SH-GB/15-FP-GRIP,null,TRUE
QC-GB-01,null,TRUE
GB-GUK-35,null,TRUE
HO-GB-03,null,TRUE
HO-GB-01,null,TRUE
GB-KB/26-FP,null,TRUE
KB-GB-94,null,TRUE
MB-GB-01,null,TRUE
SH-GB/15-FP,null,TRUE
MU-GB-01,null,TRUE
GB-PET/40-FP,null,TRUE
GB-RO,null,TRUE
GB-ROS,null,TRUE
SH-GB/55-FP,null,TRUE
SH-GB/65-FP,null,TRUE
GB-BF/22,null,TRUE
GB-CSJ/30-FP,null,TRUE
MP-DC-MP/20-FP,null,TRUE
PD-DEL-HO/20-FP-USA,null,TRUE
PD-DEL-KON-FP,null,TRUE
PD-AF/IP-FP,null,TRUE
PD-35.002-FP,null,TRUE
PD-ST/MAILER-FP,null,TRUE
PD-DEL-MO/15-FP,null,TRUE
PD-MU/BR-FP,null,TRUE
PD-DEL-VI/25-FP,null,TRUE
PD-DEL-QC/36-FP,null,TRUE
PD-DEL-BF-22-FP,null,TRUE
PD-DEL-BF-28-FP,null,TRUE
PD-DEL-DM/30-FP,null,TRUE
PD-DEL-GU/35-FP,null,TRUE
PD-DEL-HH/30-FP,null,TRUE
PD-DEL-HH/35-FP,null,TRUE
PD-DEL-HO/20-FP,null,TRUE
PD-DEL-MB/20-FP,null,TRUE
PD-DEL-MF/30-FP,null,TRUE
PD-DEL-MF/40-FP,null,TRUE
PD-DEL-PET/40-FP,null,TRUE
PD-DEL-RO/20-FP,null,TRUE
PD-DEL-ROS-BA/25-FP,null,TRUE
PD-DEL-SM/35-FP,null,TRUE
PD-DEL-ST/25-FP,null,TRUE
PD-DEL-ST/50-FP,null,TRUE
MT-HO/COMBO,null,TRUE
MT-03/COMBO,null,TRUE
MT-03/COMBO-01,null,TRUE
MT-03/COMBO-01-B,null,TRUE
MT-BF/COMBO-28,null,TRUE
MT-BF/COMBO-28-01,null,TRUE
MT-04/COMBO,null,TRUE
MT-04/COMBO-01,null,TRUE
MT-02/COMBO-01-B,null,TRUE
MT-02/COMBO-FIX-01-B,null,TRUE
MT-02/COMBO-FIX,null,TRUE
MT-02/COMBO,null,TRUE
MT-02/COMBO-01,null,TRUE
MT-02/COMBO-FIX-01,null,TRUE
MT-01/COMBO,null,TRUE
MT-01/COMBO-01,null,TRUE
MT-GUK/COMBO-01,null,TRUE
MT-GUK/COMBO,null,TRUE
CD-SP-HO/20-FP-USA-02,null,TRUE
MT-HO/PERF-OPTION-1,null,TRUE
MT-HO,null,TRUE
MT-HH/30,null,TRUE
MT-HO/65,null,TRUE
MT-03,null,TRUE
MT-03/PERF-OPTION-1,null,TRUE
MT-BF/28,null,TRUE
MT-BF/28/PERF-OPTION-1,null,TRUE
MT-04,null,TRUE
MT-04/PERF-OPTION-1,null,TRUE
MT-02,null,TRUE
MT-02/PERF-OPTION-1,null,TRUE
MT-01,null,TRUE
MT-01/PERF-OPTION-1,null,TRUE
MT-GUK/25/CUTTING-OPTION-2,null,TRUE
MT-GUK/35,null,TRUE
MT-GUK/35/PERF-OPTION-1,null,TRUE
MT-HH/35,null,TRUE
MT-HH/35/PERF-OPTION-1,null,TRUE
MT-MB,null,TRUE
MT-MB/PERF-OPTION-1,null,TRUE
MT-MF/40,null,TRUE
MT-SH/55,null,TRUE
MT-SH/65,null,TRUE
MT-CR/25-CAS-01,null,TRUE
MT-CR/30-CAS,null,TRUE
MT-CR/30-CAS-01,null,TRUE
MT-CR/35-CAS-FIX,null,TRUE
MT-CR/35-CAS-01,null,TRUE
MT-CR/36-CAS,null,TRUE
MT-CR/GU-CAS-01,null,TRUE
MT-BF/28/CUTTING-OPTION-2,null,TRUE
MT-GUK/35/CUTTING-OPTION-2,null,TRUE
MT-HH/30/CUTTING-OPTION-2,null,TRUE
MT-HH/35/CUTTING-OPTION-2,null,TRUE
MT-HH/40-CUTTING-OPTION2,null,TRUE
MT-HH/45/CUTTING-OPTION-2,null,TRUE
MT-HO/CUTTING-OPTION-2,null,TRUE
MT-MB/CUTTING-OPTION-2,null,TRUE
MT-04/CUTTING-OPTION-2,null,TRUE
MT-MF/40/CUTTING-OPTION-2,null,TRUE
MT-MF/40CUTTING-OPT2,null,TRUE
MT-01/CUTTING-OPTION-2,null,TRUE
MT-SH/55/CUTTING-OPTION-2,null,TRUE
MT-SH/65/CUTTING-OPTION-2,null,TRUE
MT-02/CUTTING-OPTION-2,null,TRUE
MT-03/CUTTING-OPTION-2,null,TRUE
MT-CR/GU-CAS,null,TRUE
MT-HH/25/CUTTING-OPTION-2,null,TRUE
MT-HH/30/PERF-OPTION-1,null,TRUE
MT-CR/BF-28-CAS,null,TRUE
MT-MF/40/PERF-OPTION-1,null,TRUE
MT-SH/55/PERF-OPTION-1,null,TRUE
MT-SH/65/PERF-OPTION-1,null,TRUE
MT-CR/SH-65-CAS,null,TRUE
MT-04/COMBO-B,null,TRUE
MT-02/COMBO-B,null,TRUE
MT-SH/COMBO-65,null,TRUE
MT-NSH-MB/20,null,TRUE
PH-PRATHAM/20-1,null,TRUE
PH-PRATHAM/30-1,null,TRUE
QC-KB/94-ENDFLAP-FP-01,null,TRUE
QC-DEL-WO/98-ENDFLAP-FP,null,TRUE
QC-HO-2S/25-FP-7,null,TRUE
QC-DEL-KB/114-FP-6,null,TRUE
QC-DEL-KB/58-FP,null,TRUE
QC-MU/ALE-LF-4C-FP,null,TRUE
QC-MPB-2S/30-FP-7,null,TRUE
QC-DEL-MPB/30-FP-7,null,TRUE
QC-DEL-MPB/30-FP-10,null,TRUE
QC-DEL-MPB/30-FP-5-B,null,TRUE
QC-DEL-MPB/30-FP-8,null,TRUE
QC-DEL-MPB/30-FP-5-B-EXT,null,TRUE
QC-MU/PA-FP-6,null,TRUE
QC-MU/PA-FP-6-01-DC,null,TRUE
QC-MU/PO-FP-6,null,TRUE
QC-MU/PO-FP-7.5,null,TRUE
QC-MU/ALE-FP-6,null,TRUE
QC-DEL-KB/26-6C-FP-01,null,TRUE
SC-MU/ADJ-6C-FP,null,TRUE
QC-ADJ-KB/94-FP-01,null,TRUE
SC-MU/ADJ-FP-01,null,TRUE
QC-DEL-UB/6-FP,null,TRUE
QC-DEL-GO/6-FP,null,TRUE
QC-DEL-UB/6-FP-01,null,TRUE
QC-HO-2S/25-FP-6,null,TRUE
QC-DEL-KB/26-FP-6-01,null,TRUE
QC-DEL-KB/26-FP-5-01,null,TRUE
QC-MU-AG-30-FP,null,TRUE
QC-DEL-MPB/30-FP-5,null,TRUE
QC-MU/PA-FP-6-01,null,TRUE
QC-MU/PAN-FP-6,null,TRUE
QC-MPB-2S/30-FP-6,null,TRUE
QC-MU/SIG-FP-6,null,TRUE
QC-DEL-WO/98-FP-6,null,TRUE
QC-DEL-KB/94-FP-6,null,TRUE
QC-DEL-WO/98-ADJ/6C-FP,null,TRUE
QC-DEL-WO/98-FP-5,null,TRUE
QC-DEL-WO/98-ADJ,null,TRUE
999-SS,null,TRUE
317-SS,null,TRUE
SHC-ST/25-01,null,TRUE
SHC-ST-ADJ/25-FP,null,TRUE
SHC-ADJ-MF/30-FP,null,TRUE
SHC-MF/30-02,null,TRUE
SHC-MF/30-01,null,TRUE
SHC-MF/30-01-B,null,TRUE
SHC-04-B,null,TRUE
SHC-ADJ/04-FP,null,TRUE
SHC-STA-ADJ/04-FP,null,TRUE
SHC-STA-ADJ/03-FP,null,TRUE
CSM/25-SCH-DSF-10MM,null,TRUE
CSM/25-SHC-DSF,null,TRUE
SHC-GUK-2-B,null,TRUE
SHC-STA-ADJ/30-FP,null,TRUE
SHC-ADJ/DM-FP,null,TRUE
SHC-01,null,TRUE
SHC-GUK-2,null,TRUE
SHC-RO,null,TRUE
SHC-SAMC-FP,null,TRUE
SC-DU-02,null,TRUE
SC-MU-06,null,TRUE
SC-MU-04,null,TRUE
SC-MU/ADJ-LF-4C-FP,null,TRUE
SC-DU-01,null,TRUE
SC-SH-01,null,TRUE
SC-HD-03,null,TRUE
SC-HD-01,null,TRUE
SC-HD-02,null,TRUE
SC-HD-04,null,TRUE
SC-HO-02,null,TRUE
SC-HO-01,null,TRUE
SC-HOR/25-FP,null,TRUE
SC-HOR/25-FP-DSF-01,null,TRUE
CC-MU-01,null,TRUE
SC-MU-05,null,TRUE
CC-MU-01-A,null,TRUE
SC-MU-02,null,TRUE
SC-MU-03,null,TRUE
SC-MU-02-TEMPO,null,TRUE
SC-OS-02,null,TRUE
SC-OS-01,null,TRUE
TRI-WEB-03,null,TRUE
TRI-WEB-04,null,TRUE
PD-WEB,null,TRUE
TRI-WEB-05,null,TRUE
TRI-WEB-02,null,TRUE
TRI-WEB-01,null,TRUE
QC-BI-01,null,TRUE
QC-MU/TRE-FP-6,null,TRUE
SHC-03,null,TRUE
SHC-GUK,null,TRUE
SHC-ADJ/03-FP,null,TRUE
SHC-04,null,TRUE
PD-DEL-KON-60-FP,null,TRUE
SC-MC-01,null,TRUE
PD-DEL-HO/24.8-FP,null,TRUE
QC-DEL-KB/26-FP-6,null,TRUE
QC-DEL-KB/26-6C-FP,null,TRUE
FF-ROS/25-FP-DSF-01-B,null,TRUE
FF-ROS/25-DSF,null,TRUE
