product_code,cost_price,,
0.1MM/SHIM-SPACER,0.09,,
0.5MM/SHIM-SPACER,0.23,,
100MM-BLACK-ACETAL,11.71,,
10MMX14-SCREWS,3.01,,
2.5MM-ALL-TOOL,0.15,,
25MM-HO-SPRING,0.73,,
2MM-HEX-TOOL,0.90,,
317-SS,98.67,,
317-SS-BLACK,10.66,,
317-SS-BLUE,10.84,,
317-SS-ORANGE,10.66,,
317-SS-WHITE,11.06,,
317-SS-YELLOW,10.80,,
3MM-HEX-TOOL,2.93,,
3MM-L-WRE,0.88,,
3MMX5MM-SREWS,0.06,,
4MM-ALL-TOOL,0.20,,
4MM-HEX-TOOL,3.77,,
4MMX5,0.50,,
503700400,1.70,,
50MM-BOLT,0.19,,
5MM-HEX-TOOL,2.78,,
5MM-L-WRE-BALL,1.42,,
5MM-LO/HEX-WRE,0.59,,
5MMX10-SCREWS,0.09,,
5MMX35-SCREWS,0.11,,
6004-2RS-SKF,3.17,,
61705-ZZ,2.25,,
61805-ZZ,0.62,,
61807-ZZ,1.10,,
624-SS,105.52,,
6805-ZZ,0.62,,
6807-ZZ,1.10,,
6808-ZZ,1.14,,
693-FF,10.38,,
6MM-SCREWS,0.51,,
6MMX36-SCREWS,1.00,,
6MMX6.5SCREWS,0.64,,
6MMX8-SCREWS,1.29,,
6X25SCREWS,0.23,,
70MM-BLACK-ACETAL,5.74,,
70MM-BLUE-ACETAL,7.74,,
790-PH,107.14,,
790-SS,107.14,,
790-SS-BLUE,10.84,,
790-SS-ORANGE,10.66,,
790-SS-WHITE,11.06,,
790-SS-YELLOW,10.80,,
80MM-BLUE-ACETAL,10.53,,
8MMX6-SCREWS,1.47,,
8TORX-TOOL,1.26,,
90MM-BLACK-ACETAL,9.90,,
999-SS-BLUE,10.84,,
999-SS-ORANGE,10.66,,
999-SS-WHITE,11.06,,
999-SS-YELLOW,10.80,,
C-SPAN68.75,11.00,,
CB-01,17.12,,
CB-02,22.78,,
CB-02/CD,27.30,,
CB-25-01,18.85,,
CB-30-01,17.07,,
CB-BF/28-01,20.20,,
CB-GUK-01,17.82,,
CB-HH-01,32.98,,
CB-HH-02,68.75,,
CB-HH-25,47.00,,
CB-HH-30,23.45,,
CB-HH-40,23.98,,
CB-HO-01,15.50,,
CB-MB-01,15.18,,
CB-MF/40-01,19.50,,
CB-SH/55-01,20.05,,
CB-SH/65-01,23.05,,
CC-MU-01-A,109.06,,
CC-MU-01-BOLT,0.06,,
CC-MU-01-WASH,0.23,,
CC-MU-GC,2.80,,
CK-01,12.50,,
CK-01(62.5MM),13.10,,
CK-02,7.82,,
CK-02-V-STYLE,7.48,,
CK-03,12.75,,
CK-25-01,11.88,,
CK-25-02,7.60,,
CK-25-03,11.26,,
CK-30-01,11.48,,
CK-30-02,7.72,,
CK-30-03,19.98,,
CK-BF/22-02,8.42,,
CK-BF/28-01,8.42,,
CK-BF/28-03,8.42,,
CK-GUK-01,19.98,,
CK-GUK-02,8.55,,
CK-GUK-03,9.75,,
CK-HH/25-01,23.50,,
CK-HH/25-03,28.75,,
CK-HH/30-1,8.55,,
CK-HH/30-2,8.55,,
CK-HH/30-3,20.75,,
CK-HH/45-01,14.00,,
CK-HH/45-02,14.00,,
CK-MB-02,8.25,,
CK-MB-03,9.75,,
CK-MB-O1,8.98,,
CK-MF/40-01,26.98,,
CK-MF/40-03,26.98,,
CK-SH/55-01,8.55,,
CK-SH/55-02,8.55,,
CK-SH/65-01,9.75,,
CK-SH/65-02,9.95,,
COLLAR-EF-25,10.00,,
COLLAR-EF-25-SP,10.00,,
COLLAR-EF-30-SP,10.00,,
COLLAR-EF-35,10.00,,
COLLAR-EF-35-SP,10.00,,
COLLAR-EF-BF/28,14.65,,
COLLAR-EF-ROS,5.91,,
COLLAR-FF-25,10.00,,
COLLAR-FF-30,16.45,,
COLLAR-FF-35,18.81,,
COLLAR-FF-DM,26.60,,
COLLAR-FF-GUK/35,10.06,,
COLLAR-FF-HO/50,14.10,,
COLLAR-FF-ROS,18.85,,
COOLANT,200.00,,
CP-AP-HH/35-FP,559.70,,
CP-AP-NSH-BF/28,54.72,,
CP-AP-NSH-HO/20,69.69,,
CP-AP-NSH/25,74.29,,
CP-AP-NSH/30,76.18,,
CP-AP-NSH/35,68.47,,
CP-AP-NSH/36,36.87,,
CP-AP-NSH/40,78.82,,
CP-AP-NSH/GUK,30.76,,
CP-AP-SM/35-FP-GUK,193.67,,
CP-NY/SL-25,21.32,,
CP-NY/SL-25-B,16.90,,
CP-NY/SL-30,23.59,,
CP-NY/SL-30-B,23.89,,
CP-NY/SL-30-HH,13.78,,
CP-NY/SL-30-HH-B,14.00,,
CP-NY/SL-35,20.03,,
CP-NY/SL-35-B,16.18,,
CP-NY/SL-35-HH,23.56,,
CP-NY/SL-35-HH-B,10.18,,
CP-NY/SL-36,12.80,,
CP-NY/SL-40,15.76,,
CP-NY/SL-40-B,22.59,,
CP-NY/SL-40-B-MOD,20.71,,
CP-NY/SL-BF-22,18.48,,
CP-NY/SL-BF-22-B,27.39,,
CP-NY/SL-BF-28,19.12,,
CP-NY/SL-BF-28-B,20.44,,
CP-NY/SL-GUK-B,10.18,,
CP-NY/SL-HO,31.12,,
CP-NY/SL-HO-B,31.98,,
CP-NY/SL-SH-65,6.96,,
CP-NY/SL-SH-65-B,28.25,,
CS-AF-HSR-L,43.05,,
CS-AF-HSR-R,43.05,,
CS-ALLEN-4MM,1.00,,
CS-AP-TABLE,368.44,,
CS-APLUS-PER-ST,6.04,,
CS-CARDFOLDER,3831.00,,
CS-CF-BATCHCOU,975.00,,
CS-CF-CGT,1.00,,
CS-CF-CGT/USA,1.00,,
CS-KNOB,1.00,,
CS-PALLET/90X60,7.50,,
CS-PALLET/90X60HT,6.50,,
CS-TABLE,251.00,,
CS-TABLE-EXT,85.86,,
CS-TABLE/WHEEL,1.00,,
CSCC,419.95,,
CSCC-BS,43.60,,
CSCC-COLLAR-B,6.74,,
CSCC-COLLAR-T,9.09,,
CSCC-CT,52.08,,
CSCC-CT-PACK,24.16,,
CSCC-DS,46.32,,
CSCC-DSF/SHC-NY-B,9.03,,
CSCC-DSF/SHC-NY-Y,9.36,,
CSCC-FE,1.00,,
CSCC-FF-DSF,83.12,,
CSCC-GRIP,1.00,,
CSCC-HOLDER,26.47,,
CSCC/20-HOLDER,51.69,,
CSCC/NY-SL,7.70,,
CSJ-1345302180,12.82,,
CSJ-BOTTOMWASTE,1.50,,
CSJ-DHTD-5M-305,4.22,,
CSJ-PCBOARD,45.30,,
CSJ-PRO/30-SHC,237.64,,
CSJ-TOPWASTE,1.50,,
CSJ/30-BH-PACK,81.03,,
CSJ/SHAFT,110.00,,
CSJ/SHC-30,264.00,,
CSM-ADAPT24V,30.47,,
CSM-AF-ACC-ORI,0.50,,
CSM-AF-ACC-SS/,0.10,,
CSM-AF-ACC/LC42,1.53,,
CSM-AF-CLDISC,1.00,,
CSM-AF-DOGAMO,179.76,,
CSM-AF-ELBOARD,84.61,,
CSM-AF-ON/OFF,1.66,,
CSM-AF-SBKX-16-25,2.67,,
CSM-AF-TS,1.46,,
CSM-AFGEAR/SHCOLL,6.87,,
CSM-AFGEAR/TBELT280-10,9.85,,
CSM-AFGEAR/TWASH,2.01,,
CSM-BOLTM8,1.00,,
CSM-DC/DSF,831.53,,
CSM-FEEDER13,217.66,,
CSM-FRONT-COG,1.00,,
CSM-FTP,25.66,,
CSM-FTROLLER,18.71,,
CSM-FTWASHER,0.27,,
CSM-LCBEARING,0.10,,
CSM-ORING,2.20,,
CSM-PIN/59323935,3.07,,
CSM-QF-DC/DSF,1642.22,,
CSM-SCREWM4X1,0.01,,
CSM/25-BH,34.00,,
CSM/25-BH-PACK,66.85,,
CSM/25-BH-WASTE,2.20,,
CSM/25-CB-BCC,12.25,,
CSM/25-CB-ST,31.40,,
CSM/25-CT,73.61,,
CSM/25-DSF-PACK,249.85,,
CSM/25-FE-HOLD,1.00,,
CSM/25-FE-PACK-DSF,86.95,,
CSM/25-FF-DSF,139.17,,
CSM/25-GB-TOP,18.95,,
CSM/25-HOLDER,34.88,,
CSM/25-MP,111.55,,
CSM/BELT-30X2-6,65.34,,
CSM/ENDSTOP,14.31,,
CSM/GPBELT,7.75,,
CSM/HANDLE,8.69,,
CSM/LSLAY-96-41,56.51,,
CSM/LSLAY-FIXED,36.41,,
CSM/PER-ST-SM,4.15,,
CSM/RSLAY-96-41,56.51,,
CSM/RSLAY-ADJ,36.41,,
CSM/SBAR,3.62,,
CSM/SHAFT,105.06,,
CSM/SIDESTOP,6.71,,
CSM/SLAY,11.30,,
CSM/SM59349977,3.62,,
CSM/TOWERSCRE,0.79,,
CSMDR59323940,12.91,,
CSP-10MMXT5X28,7.74,,
CSP-BEARING,10.99,,
CSP-COGBELTDRI,22.03,,
CSP-COUPLING,75.84,,
CSP-LGB,7.10,,
CSP-SHAFT,2.13,,
CSP/35-HOLDER,36.30,,
CSP/MT-WASTE,58.97,,
CSP/N-LAYS,348.00,,
DEMO-02,373.70,,
DEMO-UNIT-L,421.25,,
DU-ST/BK-PC,8.08,,
DU-ST/WH-PC,7.97,,
DU-ST/YE-PC,7.39,,
E00012707/2,2.08,,
EF-36-FIXED,64.62,,
EF-AG/28-FP,1.77,,
EF-BAC-FP,114.30,,
EF-BF/22-FP,114.68,,
EF-DEL-PE/26-FP,94.26,,
EF-DM/30-FP,87.58,,
EF-FI/40-FIX,148.09,,
EF-GU/35-FP,41.18,,
EF-HH/25-FP,72.72,,
EF-HH/30-FIX,72.12,,
EF-HH/35-FP,187.08,,
EF-HH/67.5-FP,103.87,,
EF-HH/67.5-FP-01,91.55,,
EF-HO/30-FP,121.03,,
EF-HO/50-FP,108.29,,
EF-HO/65-FP,138.84,,
EF-KORA/01-FP,159.33,,
EF-MB/20-FP,161.23,,
EF-MF/40-FIX,89.07,,
EF-PC-BF/28-Y,9.10,,
EF-PC-HH/30-Y,5.17,,
EF-PC-HH/67.5-B,7.30,,
EF-PC-HH/67.5-W,9.95,,
EF-PC/25-Y,6.97,,
EF-PC/30-B,6.44,,
EF-PC/30-Y,11.10,,
EF-PC/35-B,11.14,,
EF-PC/35-R,11.10,,
EF-PC/35-Y,11.10,,
EF-RO/20-REV,195.51,,
EF-ROS/25-FP,102.20,,
EF-SAMC-FP,12.36,,
EF-SH/35-FP,100.52,,
EF-ST/20-FP,90.25,,
EF-ST/25-FP,98.83,,
EF-ST/50-FP,100.03,,
EP00001158,2.55,,
EP00001284,14.40,,
EP00002414,3.59,,
EP00003691,8.32,,
EP00003693,8.17,,
EP00004725/1,6.18,,
EP00004726/1,7.72,,
EP00004727/1,7.48,,
EP000265,11.49,,
EP000874,11.02,,
EP000954,2.77,,
EP001042,8.58,,
EP001052,6.11,,
EP9298,2.80,,
EP9300,2.08,,
EP9370,3.41,,
EP9569,7.71,,
FEMALE-25,25.50,,
FEMALE-35-FIX,33.08,,
FEMALE-35-FIX-V,0.70,,
FEMALE-35/OB,84.44,,
FEMALE-BF22-FIX,48.47,,
FEMALE-GUK-35,42.16,,
FEMALE-GUK-59.4/OB,50.63,,
FEMALE-HO/50,20.41,,
FEMALE-MB-20-FIX/OC,1.70,,
FEMALE-MB20-FIX,35.00,,
FF-36-FP,229.03,,
FF-BF/22-FP-01,130.08,,
FF-BS/20-FIX-01,28.66,,
FF-DM-FIX-01,130.60,,
FF-DSF/20-MB-NY-B,8.08,,
FF-DSF/20-MB-NY-R,9.01,,
FF-DSF/20-MB-NY-W,7.54,,
FF-DSF/20-MB-NY-Y,9.31,,
FF-DSF/25-NY-B,8.20,,
FF-DSF/25-NY-BK,7.84,,
FF-DSF/25-NY-W,7.63,,
FF-DSF/30-NY-B,9.49,,
FF-DSF/30-NY-R,9.54,,
FF-DSF/30-NY-W,14.91,,
FF-DSF/35-NY-B,9.49,,
FF-DSF/35-NY-R,9.58,,
FF-DSF/35-NY-W,8.72,,
FF-DSF/35-NY-Y,9.53,,
FF-DSF/GU-35-NY-B,7.64,,
FF-DSF/GU-35-NY-R,8.04,,
FF-DSF/GU-35-NY-W,7.57,,
FF-DSF/GU-35-NY-Y,8.20,,
FF-DSF/HH-35-NY,4.73,,
FF-DSF/HH-35-NY-B,4.65,,
FF-DSF/HH-35-NY-R,4.66,,
FF-DSF/HH-35-NY-W,8.48,,
FF-DSF/HH-35-NY-Y,4.57,,
FF-DSF/HO-20-NY-B,8.13,,
FF-DSF/HO-20-NY-R,8.19,,
FF-DSF/HO-20-NY-Y,8.13,,
FF-DSF/PET-40-NY-B,13.73,,
FF-DSF/PET-40-NY-R,8.48,,
FF-DSF/PET-40-NY-Y,15.43,,
FF-DSF/RO-NY-B,6.65,,
FF-DSF/RO-NY-R,6.69,,
FF-DSF/RO-NY-Y,7.20,,
FF-DSF/ROS-NY-B,16.36,,
FF-DSF/ROS-NY-O,17.96,,
FF-DSF/ROS-NY-Y,17.09,,
FF-DU/DSF-FP-01,70.39,,
FF-DU/DSF-FP-02,81.64,,
FF-GU/35-DSF,92.97,,
FF-GU/35-FIX-01,81.81,,
FF-GU/35-FP-01,171.92,,
FF-GW-FP-01-B,146.25,,
FF-HH/20-FIX,135.25,,
FF-HH/30-FIX-3FEM-01,118.94,,
FF-HH/35-DSF,118.07,,
FF-HH/35-FP-01,86.38,,
FF-HH/40-FIX,119.07,,
FF-HO/20-DSF,143.21,,
FF-HO/65-FP,146.54,,
FF-LO-01,139.44,,
FF-MB/20-DSF,141.55,,
FF-MB/20-FP-01,95.63,,
FF-MF/30-FP-01,87.58,,
FF-MF/40-FIX-01,140.72,,
FF-PC-BF/28-B,6.31,,
FF-PC-BF/28-R,6.38,,
FF-PC-BF/28-Y,6.38,,
FF-PC-GU/35-B,8.52,,
FF-PC-GU/35-R,8.52,,
FF-PC-GU/35-Y,9.51,,
FF-PC-HH/30-Y,12.77,,
FF-PC-HH/35,13.50,,
FF-PC-HO/50-B,6.09,,
FF-PC-HO/50-R,8.93,,
FF-PC-HO/50-Y,8.59,,
FF-PC-MB/20,17.95,,
FF-PC-MB/20-Y,17.95,,
FF-PC-RO/25-B,5.36,,
FF-PC-RO/25-R,5.36,,
FF-PC-RO/25-Y,5.36,,
FF-PC-ROS/25-B,9.92,,
FF-PC-SH/55-ADJ-B,4.32,,
FF-PC-SH/55-ADJ-Y,4.32,,
FF-PC-SH/55-B,5.32,,
FF-PC-SH/55-Y,5.32,,
FF-PC-SH/65-Y,13.80,,
FF-PC-ZA/40-B,6.37,,
FF-PC-ZA/40-Y,6.37,,
FF-PC/25,3.27,,
FF-PC/25-R,12.08,,
FF-PC/25-W,3.50,,
FF-PC/25-Y,3.31,,
FF-PC/30,3.27,,
FF-PC/30-B,3.42,,
FF-PC/30-R,3.27,,
FF-PC/30-Y,3.31,,
FF-PC/35,3.27,,
FF-PC/35-B,3.42,,
FF-PC/35-R,3.27,,
FF-PC/35-Y,3.31,,
FF-PC/DM-B,6.19,,
FF-PC/DM-R,6.65,,
FF-PC/DM-Y,6.18,,
FF-PI/27-FIX-01,92.48,,
FF-RO/25-DSF,127.97,,
FF-RO/25-FP-SV,64.12,,
FF-SH/15-FP-01-B,122.74,,
FF-SH/55-FP,107.69,,
FF-SH/55-FP-SV,133.38,,
FF-SH/65-FIX,53.06,,
FF-SH/65-FP,88.73,,
FF-SH/65-FP-SV,14.81,,
FF-SM/35-DSF,68.68,,
FF-SM/35-FIX,83.18,,
FF-SM/35-FIX-01-B-V,129.86,,
FF-SM/35-FP-01,106.46,,
FF-SMY/30-FP-01,191.67,,
FF-ST/25-DSF,112.25,,
FF-ST/25-FP,116.47,,
FF-ST/25-FP-01,77.78,,
FF-ST/25-FP-DSF-01-B,128.59,,
FF-STA-SM/35-FIX,89.88,,
G1022,1.92,,
G1022-HANDLE,0.06,,
G243,1.50,,
G3382,0.73,,
GB-BF/22,41.44,,
GB-CSM/25-WIDE,18.33,,
GB-GUK-35,50.91,,
GB-MO,29.53,,
GB-RO,56.20,,
GB-ROS,72.94,,
GB-SM/35-FP,41.66,,
HO-GB-01,40.47,,
HO-ST/BK-PC,8.54,,
HO-ST/BL-PC,7.46,,
HO-ST/WH-PC,7.17,,
HO-ST/YE-PC,6.38,,
HORIZON-VP-66/02,64.22,,
KB-SPRING,1.13,,
KETT-LEAD-01,2.66,,
KETT-LEAD-02,2.96,,
KETT-LEAD-03,2.05,,
KETT-LEAD-04,2.10,,
KETT-LEAD-05,2.18,,
KETT-LEAD-06,3.40,,
KETT-LEAD-07,1.14,,
KETT-LEAD-08,9.50,,
KETT-LEAD-09,4.12,,
KETT-LEAD-10,8.90,,
LUGFILLER,3.53,,
MALE-30,46.66,,
MALE-35,55.28,,
MALE-DM-01,62.42,,
MALE-EF-25,37.08,,
MALE-EF-35,43.20,,
MB-GB-01,26.47,,
MB-SPRING,0.65,,
MOULD--08,1.15,,
MOULD-01,7.20,,
MOULD-01A,4.08,,
MOULD-02,7.20,,
MOULD-02A,4.08,,
MOULD-03,1.15,,
MOULD-05,4.76,,
MOULD-06,1.15,,
MOULD-07,1.07,,
MOULD-09,1.15,,
MOULD-10,1.07,,
MOULD-101,1.81,,
MOULD-101B,2.73,,
MOULD-102,1.81,,
MOULD-102-BX,2.61,,
MOULD-102B,2.73,,
MOULD-102B-SB,2.65,,
MOULD-102SB,1.81,,
MOULD-103,1.81,,
MOULD-103X,1.81,,
MOULD-104,1.66,,
MOULD-104B-XTRA,2.35,,
MOULD-104SB,1.81,,
MOULD-105,1.81,,
MOULD-105B,2.73,,
MOULD-106,1.81,,
MOULD-107,1.81,,
MOULD-107B,2.73,,
MOULD-108,1.81,,
MOULD-108B,2.73,,
MOULD-109,1.81,,
MOULD-10A,0.97,,
MOULD-110,1.81,,
MOULD-110B,2.73,,
MOULD-111,1.81,,
MOULD-111B,2.73,,
MOULD-112,1.81,,
MOULD-112B,2.73,,
MOULD-113,1.76,,
MOULD-113B-XTRA,2.35,,
MOULD-113SB,1.81,,
MOULD-114,1.76,,
MOULD-114B-XTRA,2.35,,
MOULD-114SB,1.81,,
MOULD-115,1.81,,
MOULD-115X,1.81,,
MOULD-116,1.81,,
MOULD-117,1.81,,
MOULD-117-BX,2.75,,
MOULD-117B,2.73,,
MOULD-117SB,1.81,,
MOULD-118,1.81,,
MOULD-118-BX,2.75,,
MOULD-118B,2.73,,
MOULD-118SB,1.81,,
MOULD-119B-SB,2.65,,
MOULD-119SB,1.81,,
MOULD-12,1.15,,
MOULD-120B-SB,2.65,,
MOULD-120SB,1.81,,
MOULD-121B-SB,2.65,,
MOULD-121SB,1.81,,
MOULD-122,1.81,,
MOULD-122-SX,1.81,,
MOULD-122BSX,2.50,,
MOULD-123,1.81,,
MOULD-123-SX,1.76,,
MOULD-123BSX,2.23,,
MOULD-124,1.81,,
MOULD-124-SX,1.81,,
MOULD-124BSX,2.23,,
MOULD-125,1.81,,
MOULD-125B,2.73,,
MOULD-125B-SB,2.73,,
MOULD-125B-SX,2.73,,
MOULD-125PI,1.50,,
MOULD-125X,1.81,,
MOULD-126,1.81,,
MOULD-126B,2.73,,
MOULD-126B-SB,2.73,,
MOULD-126B-SX,2.59,,
MOULD-126PI,2.73,,
MOULD-126X,1.81,,
MOULD-127,1.81,,
MOULD-127B,2.73,,
MOULD-127B-SB,2.73,,
MOULD-127PI,1.50,,
MOULD-127X,1.81,,
MOULD-128,2.73,,
MOULD-129,2.65,,
MOULD-13,1.15,,
MOULD-130,2.73,,
MOULD-131,1.81,,
MOULD-131B,2.73,,
MOULD-132,1.81,,
MOULD-132B,2.73,,
MOULD-133,1.81,,
MOULD-133B,2.73,,
MOULD-134SB,1.62,,
MOULD-135SB,1.81,,
MOULD-136SB,1.81,,
MOULD-137,1.81,,
MOULD-137B-X,2.61,,
MOULD-137SB,1.81,,
MOULD-138,1.81,,
MOULD-138B-X,4.85,,
MOULD-138SB,1.81,,
MOULD-139,1.81,,
MOULD-139B-X,2.61,,
MOULD-139SB,1.81,,
MOULD-14,1.07,,
MOULD-140,1.81,,
MOULD-140B,2.73,,
MOULD-140B-X,2.65,,
MOULD-140X,1.81,,
MOULD-141,1.81,,
MOULD-141B,2.73,,
MOULD-141B-X,2.28,,
MOULD-141X,1.76,,
MOULD-142,1.81,,
MOULD-142B,2.73,,
MOULD-142B-X,2.50,,
MOULD-142X,1.81,,
MOULD-143,1.81,,
MOULD-143X,1.76,,
MOULD-144,1.81,,
MOULD-144X,1.81,,
MOULD-145,1.81,,
MOULD-146,1.81,,
MOULD-146B,2.73,,
MOULD-147,1.81,,
MOULD-147B,2.73,,
MOULD-148,1.81,,
MOULD-149,1.81,,
MOULD-15,1.36,,
MOULD-150,2.73,,
MOULD-151,1.36,,
MOULD-152,1.36,,
MOULD-152B,2.73,,
MOULD-153,7.85,,
MOULD-154,7.85,,
MOULD-155,1.81,,
MOULD-155B,2.73,,
MOULD-156,1.81,,
MOULD-156B,2.73,,
MOULD-157,1.81,,
MOULD-157B,2.73,,
MOULD-158,1.81,,
MOULD-158B,2.73,,
MOULD-158BLK,1.58,,
MOULD-159,1.81,,
MOULD-159B,2.73,,
MOULD-16,1.12,,
MOULD-160,1.81,,
MOULD-160B,2.73,,
MOULD-161,1.36,,
MOULD-161B,2.73,,
MOULD-162,1.36,,
MOULD-162B,2.73,,
MOULD-163,1.36,,
MOULD-163B,2.73,,
MOULD-164,1.12,,
MOULD-164-25MM,1.09,,
MOULD-164-DM,1.00,,
MOULD-164B,2.73,,
MOULD-165,1.58,,
MOULD-166,1.58,,
MOULD-167,2.73,,
MOULD-167X,2.65,,
MOULD-169,2.73,,
MOULD-169X,2.65,,
MOULD-16B,2.65,,
MOULD-17,1.12,,
MOULD-170,2.73,,
MOULD-170X,1.89,,
MOULD-171,7.85,,
MOULD-172,7.85,,
MOULD-173,7.85,,
MOULD-174,2.73,,
MOULD-174SX,2.65,,
MOULD-175,1.36,,
MOULD-179,1.58,,
MOULD-17B,2.73,,
MOULD-18,1.15,,
MOULD-180,1.58,,
MOULD-181,1.58,,
MOULD-182,1.58,,
MOULD-22,7.85,,
MOULD-23,7.85,,
MOULD-24,7.85,,
MOULD-25,2.73,,
MOULD-26,4.91,,
MOULD-27,2.73,,
MOULD-28,2.73,,
MOULD-29,1.12,,
MOULD-29B,2.73,,
MOULD-30,1.81,,
MOULD-31,1.81,,
MOULD-32,1.07,,
MOULD-33,2.73,,
MOULD-33A,2.73,,
MOULD-34,2.73,,
MOULD-35,1.07,,
MOULD-36,11.20,,
MOULD-37,1.12,,
MOULD-38,2.73,,
MOULD-39,1.71,,
MOULD-40,1.36,,
MOULD-41,1.36,,
MOULD-43,2.73,,
MOULD-44,1.07,,
MOULD-44B,2.73,,
MOULD-45,1.07,,
MOULD-45B,2.73,,
MOULD-46,1.07,,
MOULD-46B,2.73,,
MOULD-47,1.07,,
MOULD-48,1.08,,
MOULD-48B,2.73,,
MOULD-49,1.08,,
MOULD-49B,2.73,,
MOULD-50,1.08,,
MOULD-50B,2.73,,
MOULD-51,1.07,,
MOULD-52,1.07,,
MOULD-53,1.07,,
MOULD-54,1.07,,
MOULD-55,1.07,,
MOULD-56,1.36,,
MOULD-57,1.36,,
MOULD-57B,2.73,,
MOULD-58,1.36,,
MOULD-58B,2.73,,
MOULD-59,1.25,,
MOULD-60,4.91,,
MOULD-61,1.07,,
MOULD-62,1.08,,
MOULD-63,1.08,,
MOULD-64,1.36,,
MOULD-64B,2.73,,
MOULD-65,1.36,,
MOULD-65B,2.73,,
MOULD-66,1.36,,
MOULD-66B,2.73,,
MOULD-70,2.73,,
MOULD-71,1.12,,
MOULD-72,2.50,,
MOULD-72XH&H,1.20,,
MOULD-73,1.12,,
MOULD-74,1.12,,
MOULD-75,1.12,,
MOULD-76,1.12,,
MOULD-77,1.12,,
MOULD-77B,2.73,,
MOULD-78,1.12,,
MOULD-79,1.12,,
MOULD-79B,2.73,,
MOULD-80,1.12,,
MOULD-82,2.73,,
MOULD-83,1.36,,
MOULD-85,2.73,,
MOULD-86,1.36,,
MOULD-86X,1.36,,
MOULD-86X-Y,1.36,,
MOULD-87,2.73,,
MOULD-88,3.59,,
MOULD-88BL,3.59,,
MOULD-89,1.36,,
MOULD-89B,2.73,,
MOULD-90,1.36,,
MOULD-90B,2.73,,
MOULD-91,1.36,,
MOULD-92,1.36,,
MOULD-93,1.36,,
MOULD-96,1.36,,
MOULD-97,1.81,,
MPB-1.5K,23.85,,
MPB-1.5Z,18.67,,
MPB-10/25MM,6.37,,
MPB-12,28.48,,
MPB-12-GUK,27.98,,
MPB-12-Z,10.08,,
MPB-12/25MM,6.37,,
MPB-12/30MM,6.85,,
MPB-12/BF/22MM,6.45,,
MPB-12/MF-40,10.15,,
MPB-16-HOR,26.98,,
MPB-17,17.98,,
MPB-17-GUK,25.98,,
MPB-17-HH/30MM,6.85,,
MPB-17-Z,7.75,,
MPB-17/25MM,14.95,,
MPB-17/30MM,18.33,,
MPB-17/46MM,10.00,,
MPB-17/4SHEET,28.48,,
MPB-17/50-SMALL,11.50,,
MPB-17/50MM,11.50,,
MPB-17/BF/22MM,25.98,,
MPB-17/BF/28MM,26.98,,
MPB-17/MF-40,10.15,,
MPB-17/RO,26.98,,
MPB-17/SH-55,8.75,,
MPB-17/SH-65,11.83,,
MPB-17/WEB,49.96,,
MPB-25,25.50,,
MPB-25-GUK,26.98,,
MPB-25-HH/30MM,6.85,,
MPB-25-Z,7.75,,
MPB-25/25MM,14.35,,
MPB-25/30MM,17.98,,
MPB-25/46MM,10.00,,
MPB-25/4SHEET,10.00,,
MPB-25/50MM,11.50,,
MPB-25/BF/22MM,26.98,,
MPB-25/BF/28MM,26.98,,
MPB-25/MF-40,10.15,,
MPB-25/MO,45.98,,
MPB-25/RO,19.98,,
MPB-25/SH-55,9.25,,
MPB-25/SH-65,12.32,,
MPB-25/WEB,49.96,,
MPB-26,9.04,,
MPB-2K,18.68,,
MPB-2Z,21.95,,
MPB-30-HOR,26.98,,
MPB-36-HOR,26.98,,
MPB-3K,18.68,,
MPB-3Z,10.98,,
MPB-40,8.50,,
MPB-40/30MM,8.95,,
MPB-40/4SHEET,29.48,,
MPB-40/WEB,49.96,,
MPB-4K,19.25,,
MPB-4Z,10.98,,
MPB-52,18.98,,
MPB-52-GUK,26.98,,
MPB-52-HH/30MM,7.85,,
MPB-52/25MM,16.98,,
MPB-52/30MM,19.39,,
MPB-52/46MM,10.00,,
MPB-52/50MM,11.50,,
MPB-52/BF/22MM,28.48,,
MPB-52/BF/28MM,28.95,,
MPB-52/MF-40,10.15,,
MPB-52/RO,28.98,,
MPB-52/SH-55,9.75,,
MPB-52/SH-65,13.20,,
MPB-52/WEB,49.96,,
MPB-7,26.98,,
MPB-72,19.98,,
MPB-72-GUK,9.45,,
MPB-72/25MM,8.45,,
MPB-72/30MM,8.75,,
MPB-72/BF/22MM,8.35,,
MPB-8,10.00,,
MPB-8-HOR,26.98,,
MPB-8-Z,18.67,,
MPB-MB-17,9.98,,
MPB-MB-25,30.98,,
MPB-MB-52,7.05,,
MPB-MB-72,7.79,,
MPB-ROS-BA-17,7.85,,
MPB-ROS-BA-25,9.86,,
MPB-ROS-BA-52,8.50,,
MPB-ROS-BA-72,10.98,,
MPB-ST/MAILER-17,10.00,,
MPB-ST/MAILER-25,10.00,,
MPB-ST/MAILER-52,10.00,,
MT-01/PERF-OPTION-1,113.73,,
MT-02/COMBO,229.22,,
MT-02/COMBO-01,388.55,,
MT-02/COMBO-FIX,200.04,,
MT-02/CUTTING-OPTION-2,191.16,,
MT-03,219.95,,
MT-03/COMBO,187.11,,
MT-03/COMBO-01,311.20,,
MT-03/CUTTING-OPTION-2,143.06,,
MT-03/PERF-OPTION-1,195.19,,
MT-04,257.78,,
MT-04/CUTTING-OPTION-2,165.77,,
MT-04/PERF-OPTION-1,193.30,,
MT-BF/28,212.96,,
MT-BF/28/CUTTING-OPTION-2,132.94,,
MT-BF/28/PERF-OPTION-1,131.66,,
MT-BH-02/35,79.17,,
MT-BH-03/25,60.06,,
MT-BH-04/30,69.03,,
MT-BH-BF/28,65.86,,
MT-BH-GUK/35,102.75,,
MT-BH-HH/30,95.91,,
MT-BH-HH/35,49.22,,
MT-BH-SH/55,49.59,,
MT-FL-BH-02/35,11.10,,
MT-HH/30/PERF-OPTION-1,127.96,,
MT-HH/35/CUTTING-OPTION-2,154.25,,
MT-HO/CUTTING-OPTION-2,143.40,,
MT-HO/PERF-OPTION-1,161.46,,
MT-MB/PERF-OPTION-1,137.68,,
MT-NSH-MB/20,74.02,,
MT-NY/SL-25,10.98,,
MT-NY/SL-25-B,11.64,,
MT-NY/SL-30,9.86,,
MT-NY/SL-30-B,6.68,,
MT-NY/SL-35,5.97,,
MT-NY/SL-35-B,9.90,,
MT-NY/SL-GUK,8.33,,
MT-NY/SL-GUK-B,8.68,,
MT-NY/SL-HH-35-B,15.00,,
MT-NY/SL-MB,6.33,,
MT-SH/55/CUTTING-OPTION-2,109.49,,
MT-SH/55/PERF-OPTION-1,106.46,,
MT-SH/65,331.46,,
MT-SH/65/CUTTING-OPTION-2,91.52,,
MT-SH/COMBO-65,237.93,,
MU-DRUM-TAPE,10.35,,
MU-GB-01,4.62,,
MU-GB-02,16.82,,
MU-GB-02-FE,14.27,,
MU-GB-03,14.97,,
MU-GB-80,33.74,,
MU-RED-TA,6.28,,
PA-WEB,75.65,,
PC-PC-LO-BLK,8.17,,
PD-35.002-FP,109.94,,
PD-AF/IP-FP,33.55,,
PD-BH-DM/30,56.93,,
PD-BH-SM/35,31.20,,
PD-DEL-BF-22-FP,182.67,,
PD-DEL-DM/30-FP,187.00,,
PD-DEL-HH/30-FP,86.60,,
PD-DEL-HH/35-FP,155.09,,
PD-DEL-MB/20-FP,211.39,,
PD-DEL-MF/30-FP,176.08,,
PD-DEL-MF/40-FP,154.35,,
PD-DEL-MO/15-FP-PACK,401.90,,
PD-DEL-PET/40-FP,208.76,,
PD-DEL-RO/20-FP,203.68,,
PD-DEL-ROS-BA/25-FP,188.84,,
PD-DEL-SM/35-FP,168.00,,
PD-DEL-ST/25-FP,148.10,,
PD-NY/SL-25,11.53,,
PD-NY/SL-25-B,7.73,,
PD-NY/SL-30-B,9.08,,
PD-NY/SL-35,8.27,,
PD-NY/SL-35-B,8.97,,
PD-NY/SL-36-STA-B,7.18,,
PD-NY/SL-BF-22,9.29,,
PD-NY/SL-BF-22-B,4.59,,
PD-NY/SL-BF-28,8.96,,
PD-NY/SL-BF-28B,11.59,,
PD-NY/SL-CSJ,8.10,,
PD-NY/SL-CSJ-B,8.10,,
PD-NY/SL-CSM,10.25,,
PD-NY/SL-CSM-B,10.46,,
PD-NY/SL-CSP,5.99,,
PD-NY/SL-CSP-B,6.35,,
PD-NY/SL-DM/30,8.65,,
PD-NY/SL-DM/30-B,8.74,,
PD-NY/SL-GU,10.27,,
PD-NY/SL-GU-B,16.72,,
PD-NY/SL-HH-30-B,7.73,,
PD-NY/SL-HH-35,10.00,,
PD-NY/SL-HH-35-B,10.19,,
PD-NY/SL-HH-40,6.78,,
PD-NY/SL-HH-40B,7.18,,
PD-NY/SL-HO,9.08,,
PD-NY/SL-HO/B,8.33,,
PD-NY/SL-MB,11.53,,
PD-NY/SL-MB-B,8.77,,
PD-NY/SL-MF-40,8.26,,
PD-NY/SL-MF-40-B,8.00,,
PD-NY/SL-MO,8.09,,
PD-NY/SL-MO-B,11.51,,
PD-NY/SL-PET-40,8.72,,
PD-NY/SL-RO,11.92,,
PD-NY/SL-RO-B,10.90,,
PD-NY/SL-ROS,9.00,,
PD-NY/SL-ROS-B,7.18,,
QC-03,138.02,,
QC-BOX/SET,25.95,,
QC-CSM/PC,5.19,,
QC-DEL-GO-6/PC-B,7.59,,
QC-DEL-GO-6/PC-Y,7.59,,
QC-DEL-GO/6-FP,443.29,,
QC-DEL-KB-114/PC,12.65,,
QC-DEL-KB-114/PC-B,8.76,,
QC-DEL-KB-26/PC,10.42,,
QC-DEL-KB-26/PC-Y,13.95,,
QC-DEL-KB-94/PC,9.19,,
QC-DEL-KB/26-6C-FP-01,594.35,,
QC-DEL-KB/94-FP-6,588.63,,
QC-DEL-MPB/30-FP-5,137.57,,
QC-DEL-MPB/30-FP-5-B,110.56,,
QC-DEL-MPB/PC-B,3.24,,
QC-DEL-MPB/PC-R,3.35,,
QC-DEL-MPB/PC-Y,3.28,,
QC-DEL-UB-6-01/PC-B,7.16,,
QC-DEL-UB-6/PC,8.05,,
QC-DEL-UB-6/PC-EXH,5.98,,
QC-DEL-UB/6-FP,309.60,,
QC-DEL-UB/6-FP-01,318.29,,
QC-DEL-WO-98/PC,14.33,,
QC-DEL-WO-98/PC-O,7.72,,
QC-DEL-WO-98/PC-W,12.24,,
QC-GB-01,36.65,,
QC-HO-2S/25-FP-6,478.04,,
QC-KB-94,13.05,,
QC-KB-94-B,8.08,,
QC-KB-94-O,14.59,,
QC-KB-94-W,11.82,,
QC-KB-94-Y,12.67,,
QC-MPB-2S/30-FP-6,371.75,,
QC-MU-ALE/PC-BLK,4.83,,
QC-MU-ALE/PC-Y,4.83,,
QC-MU-PA/PC,4.51,,
QC-MU-PA/PC-B,3.10,,
QC-MU-PA/PC-R,3.10,,
QC-MU-PA/PC-W,3.09,,
QC-MU-PA/PC-Y,2.98,,
QC-MU-PA01/PC-B,9.95,,
QC-MU-PA01/PC-B-B,8.96,,
QC-MU-PA01/PC-B-T,10.98,,
QC-MU-PA01/PC-O-T,10.98,,
QC-MU-PA01/PC-T,9.07,,
QC-MU-PA01/PC-W-B,6.34,,
QC-MU-PA01/PC-W-T,6.34,,
QC-MU-PA01/PC-Y-B,9.95,,
QC-MU-PA01/PC-Y-T,9.07,,
QC-MU-PAN/PC,8.05,,
QC-MU-PAN/PC-B,8.02,,
QC-MU-PO/PC,5.74,,
QC-MU-PO/PC-B,5.74,,
QC-MU-PO/PC-O,5.74,,
QC-MU-PO/PC-W,11.67,,
QC-MU-PO/PC-Y,4.82,,
QC-MU-TRE/PC,9.48,,
QC-MU/ALE-FP-6,730.74,,
QC-MU/PA-FP-6,511.95,,
QC-MU/PAN-FP-6,702.70,,
QC-MU/VA-FP-03,235.86,,
QC-WO-6C/6MM-HINGE-SP-B,7.82,,
QC-WO/10MM-HINGE-SP,86.88,,
QC-WO/SP,9.40,,
RS-NY/FE,8.03,,
RS-NY/FE-B,8.11,,
RS-NY/FE-R,8.52,,
RS-NY/FE-Y,8.16,,
SC-10,1.00,,
SC-17,1.00,,
SC-DSF/HOR-25-NY-B,12.66,,
SC-DSF/HOR-25-NY-R,8.65,,
SC-DSF/HOR-25-NY-Y,9.12,,
SC-DU-01,150.06,,
SC-HD-01,196.75,,
SC-HD-02,62.62,,
SC-HD-03,106.96,,
SC-HD-04,369.93,,
SC-HD-04/CLIP,10.04,,
SC-HO-01,385.00,,
SC-HO-02,19.43,,
SC-HOR/25-FP,112.40,,
SC-HOR/25-FP-DSF-01,129.91,,
SC-MU-02,114.61,,
SC-MU-03,52.05,,
SC-MU-05,316.35,,
SC-MU-06,280.47,,
SC-MU/ADJ-FP-01,483.74,,
SC-MU/PC-RB-5-B-MOD,3.34,,
SC-MU/PC-RB-5-MOD,3.22,,
SC-MU/PC-RB-5-R,3.22,,
SC-MU/PC-RB-5-W-MOD,3.50,,
SC-MU/PC-RB-5-Y-MOD,3.31,,
SC-OS-02,101.86,,
SC-SH-01,96.57,,
SCRIBER,2.30,,
SH-GB/55-FP,34.37,,
SHC-03,116.01,,
SHC-ADJ/04-FP,370.52,,
SHC-PC-ADJ/04-Y,26.99,,
SHC-RO,122.67,,
SHIM-SP/PACK,12.49,,
SHRINKWRAP,5.39,,
SP-MT/25-1,1.73,,
SP-MT/25-3,1.73,,
SP-MT/25-4,1.73,,
SP-MT/25-5,1.73,,
SP-MT/25-6,1.73,,
SP-MT/35-2,3.34,,
SP-MT/35-3,4.33,,
SP-MT/35-4,4.53,,
SP-MT/35-5,4.63,,
SP-MT/35-6,4.81,,
SP-SHC/35-RD,12.00,,
TC-DEL-FI/40-FP,106.58,,
TC-DEL-MF/30-FP-2,76.09,,
TC-DEL-SM/35-FP,117.13,,
TC-DEL-ST/25-FP,127.08,,
TECH-317-SS,70.00,,
TECH-CS-CF,4121.71,,
TECH008,110.65,,
TECH037,53.60,,
TECH037LGB,63.04,,
TECH037SHB,54.07,,
TECH041M,42.65,,
TECH111,51.22,,
TECH123,77.14,,
TECH201,304.27,,
TECH224,14.51,,
TECH237,27.38,,
TECH258,58.10,,
TECH270,93.49,,
TECH279,44.15,,
TECH293,58.10,,
TECH304,117.16,,
TECH312,219.08,,
TECH354,82.21,,
TECH355,69.21,,
TECH356,76.91,,
TECH370,72.58,,
TECH421SR,25.80,,
TECH429,25.24,,
TECH434,31.38,,
TECH439,81.32,,
TECH464,244.44,,
TECH487,126.75,,
TECH509,201.89,,
TECH534,81.64,,
TECH544,19.14,,
TECH561,985.61,,
TECH563,237.73,,
TECH565,197.80,,
TRI-WEB-01,298.45,,
TRI-WEB-03,154.65,,
TWS-ID/25,5.00,,
TWS-ID/25-3,5.00,,
TWS-ID/25-4,5.00,,
TWS-ID/35,6.00,,
TWS-ID/35-3,5.00,,
TWS-ID/35-4,5.00,,
TWS-ID/AGOR-4,1.50,,
TWS-ID/AGOR-5,1.50,,
TWS-ID/DCM-3,5.00,,
TWS-ID/DCM-4,5.00,,
TWS-ID/DCM-5,5.00,,
TWS-ID/GUK20-3,5.00,,
TWS-ID/GUK20-4,5.00,,
TWS-ID/GUK20-5,5.00,,
TWS-ID/GUK35-1,5.00,,
TWS-ID/GUK35-3,5.00,,
TWS-ID/GUK35-4,5.00,,
TWS-ID/GUK35-5,20.00,,
TWS-ID/GUK35-CREASER-3,5.00,,
TWS-ID/GUK35-CREASER-4,5.00,,
TWS-ID/GUK35-CREASER-5,5.00,,
TWS-ID/HH30.3,6.00,,
TWS-ID/HH30.5,6.00,,
TWS-ID/HH45.3,9.75,,
TWS-ID/HH45.4,9.75,,
TWS-ID/HH45.5,5.00,,
TWS-ID/HO20-3,5.00,,
TWS-ID/HO20-4,5.00,,
TWS-ID/HO20-5,5.00,,
TWS-ID/MB-4,5.00,,
TWS-ID/MB-5,5.00,,
TWS-ID/MBO-35.3,5.00,,
TWS-ID/MBO-35.4,5.00,,
TWS-ID/MBO-40.3,5.00,,
TWS-ID/MBO30-3,5.00,,
TWS-ID/MBO30-4,5.00,,
TWS-ID/MBO30-5,5.00,,
WEBCASSETTE-ADJUSTERBLOCK,36.88,,
WEBCASSETTE-BASEPLATE-620MM,296.95,,
WEBCASSETTE-CALLIPER,31.52,,
WEBCASSETTE-COVERPLATE,29.26,,
WEBCASSETTE-ENDPLATE,138.17,,
WEBCASSETTE-KNOB,30.89,,
WEBCASSETTE-SUPPORTBRACE-620MM,107.44,,
Z-16BOX-COVER,2.35,,
Z-20BOX,3.47,,
Z-2BOX,1.55,,
Z-4BOX,1.06,,
Z-5BOX,1.21,,
Z-6BOX,1.75,,
Z-9BOX,0.85,,
Z-BOX,1.42,,
Z-BOX/FOAM,1.02,,
Z-GRIP/2.25X3,0.01,,
Z-GRIP/3.5X4.5,11.75,,
Z-GRIP/4X5.5-WOP,18.90,,
Z-GRIP/5X7.5,15.50,,
Z-GRIP/7.5X7.5,0.01,,
Z-GRIP/9X12.75,0.04,,
Z-JIFFY-S,0.07,,
Z-JIFFY-XL,0.35,,
Z-JIFFY-XM,0.21,,
Z-LID-50,0.09,,
Z-LID-63,0.06,,
Z-SHRINK-WRAP,5.80,,
Z-TAPE-ADH/4X50,0.48,,
Z-TAPE-ADH/8X50,0.93,,
Z-TAPE-BROWN,1.00,,
Z-TAPE-FRAGILE,1.10,,
Z-TAPE-TECH,6.01,,
Z-TUBE-01,0.80,,
,,,
