product_code,price
PD-BH/K, £130.00 
CB-02, £90.00 
CB-30-01, £90.00 
CB-HH-30, £90.00 
CB-HH-01, £90.00 
MPB-MB-52, £50.00 
MPB-52/30MM, £50.00 
CK-HH/45-01, £50.00 
MPB-1.5Z, £42.90 
MPB-2Z, £42.90 
MPB-3Z, £42.90 
MPB-4Z, £42.90 
CP-NY/SL-25, £37.54 
CP-NY/SL-25-B, £37.54 
CP-NY/SL-30, £37.54 
CP-NY/SL-30-HH, £37.54 
CP-NY/SL-30-HH-B, £37.54 
CP-NY/SL-35, £37.54 
CP-NY/SL-35-HH, £37.54 
CP-NY/SL-35-HH-B, £37.54 
CP-NY/SL-BF-22, £37.54 
CP-NY/SL-HO, £37.54 
CP-NY/SL-35-B, £37.54 
MPB-1.5K, £35.00 
MPB-2K, £35.00 
MPB-3K, £35.00 
MPB-4K, £35.00 
QC-KB-94-B, £33.37 
QC-KB-94-W, £33.37 
QC-KB-94-Y, £33.37 
QC-MU-ALE/PC-BLK, £33.37 
QC-MU-ALE/PC-Y, £33.37 
CK-03, £50.00 
CK-MF/40-03, £50.00 
MPB-10/25MM, £50.00 
MPB-12, £50.00 
MPB-12/25MM, £50.00 
MPB-12-HH/30, £50.00 
MPB-17, £50.00 
MPB-17/25MM, £50.00 
MPB-17/30MM, £50.00 
MPB-17/4SHEET, £50.00 
MPB-17/BF/28MM, £50.00 
MPB-17-HH/30MM, £50.00 
MPB-25/BF/28MM, £50.00 
MPB-52, £50.00 
MPB-52/25MM, £50.00 
MPB-52/BF/22MM, £50.00 
MPB-52/BF/28MM, £50.00 
MPB-72, £50.00 
MPB-8, £50.00 
MPB-MB-17, £50.00 
QC-MU-PAN/PC, £33.37 
PD-NY/SL-30-B, £29.20 
PD-NY/SL-HO, £29.20 
MOULD-36, £28.00 
PD-NY/SL-MB, £29.20 
CK-02, £50.00 
CK-25-01, £50.00 
CK-30-01, £50.00 
CK-GUK-01, £50.00 
CK-HH/30-1, £50.00 
CK-MB-O1, £50.00 
CK-MF/40-01, £50.00 
CK-01(62.5MM), £50.00 
MT-NY/SL-25, £29.20 
PD-NY/SL-25, £29.20 
PD-NY/SL-30, £29.20 
PD-NY/SL-35, £29.20 
PD-NY/SL-35-B, £29.20 
PD-NY/SL-BF-22-B, £29.20 
PD-NY/SL-BF-28, £29.20 
PD-NY/SL-BF-28B, £29.20 
PD-NY/SL-CSJ-B, £29.20 
PD-NY/SL-GU, £29.20 
PD-NY/SL-HH-30, £29.20 
PD-NY/SL-HH-35, £29.20 
PD-NY/SL-HH-35-B, £29.20 
PD-NY/SL-MB-B, £29.20 
PD-NY/SL-RO-B, £29.20 
SC-DSF/HOR-25-NY-R, £27.81 
SC-DSF/HOR-25-NY-B, £27.81 
QC-DEL-KB-26/PC, £20.86 
SC-MU/PC-RB-5-W, £20.86 
SC-DSF/HOR-25-NY-Y, £27.81 
FF-DSF/20-MB-NY-R, £27.81 
FF-DSF/35-NY-B, £27.81 
FF-DSF/35-NY-R, £27.81 
FF-DSF/35-NY-Y, £27.81 
FF-DSF/25-NY-Y, £27.81 
FF-DSF/25-NY-R, £27.81 
FF-DSF/25-NY-B, £27.81 
QC-KB-94, £33.37 
MOULD-01, £27.00 
MOULD-05, £27.00 
MOULD-153, £27.00 
MOULD-154, £27.00 
MOULD-171, £27.00 
MOULD-172, £27.00 
MOULD-173, £27.00 
MOULD-22, £27.00 
MOULD-23, £27.00 
MOULD-24, £27.00 
MOULD-26, £27.00 
MOULD-60, £27.00 
QC-DEL-KB-26/PC-Y, £27.00 
PD-NY/SL-CSM-B, £29.20 
PD-NY/SL-CSM, £29.20 
EF-PC-HH/67.5-W, £20.86 
FF-PC/25-R, £20.86 
FF-PC/25-W, £20.86 
FF-PC/25-Y, £20.86 
FF-PC/30, £20.86 
FF-PC/30-R, £20.86 
FF-PC-HO/50-B, £20.86 
FF-PC-HO/50-R, £20.86 
FF-PC-HO/50-Y, £20.86 
FF-PC-SH/55-Y, £20.86 
HO-ST/BL-PC, £20.86 
HO-ST/YE-PC, £20.86 
QC-DEL-GO-6/PC-B, £20.86 
QC-DEL-GO-6/PC-Y, £20.86 
QC-DEL-MPB/PC-B, £20.86 
QC-DEL-MPB/PC-R, £20.86 
QC-DEL-MPB/PC-Y, £20.86 
QC-DEL-UB-6-01/PC, £20.86 
QC-DEL-UB-6-01/PC-B, £20.86 
QC-DEL-WO-98/PC, £20.86 
QC-DEL-WO-98/PC-W, £20.86 
QC-MU-PO/PC-W, £20.86 
SC-MU/PC-RB-5-MOD, £20.86 
SC-MU/PC-RB-5-R, £20.86 
SC-MU/PC-RB-5-W-MOD, £20.86 
SC-MU/PC-RB-5-Y-MOD, £20.86 
FF-PC/25, £20.86 
FF-PC/35, £20.86 
QC-DEL-WO-98/PC-O, £20.86 
FF-PC/35-Y, £20.86 
QC-MU-PA/PC-B, £18.08 
FF-PC/35-R, £20.86 
CSCC/NY-SL, £20.86 
FF-PC/35-B, £20.86 
QC-MU-PAN/PC-B, £33.37 
MPB-25, £55.00 
MPB-40, £55.00 
MOULD-170, £15.00 
MOULD-33, £15.00 
MOULD-167, £15.00 
MOULD-170X, £15.00 
MOULD-85, £15.00 
MOULD-34, £15.00 
MOULD-56, £14.00 
MOULD-186, £14.00 
MOULD-104B-XTRA, £14.00 
MOULD-109B, £14.00 
MOULD-110B, £14.00 
MOULD-125B-SX, £14.00 
MOULD-126B-SB, £14.00 
MOULD-126B-SX, £14.00 
MOULD-127B-SB, £14.00 
MOULD-127B-SX, £14.00 
MOULD-145B-X, £14.00 
MOULD-158B, £14.00 
MOULD-159B, £14.00 
MOULD-161B, £14.00 
MOULD-162B, £14.00 
MOULD-163B, £14.00 
MOULD-164B, £14.00 
MOULD-155B, £14.00 
MOULD-156B, £14.00 
MOULD-157B, £14.00 
MOULD-160B, £14.00 
FF-PC-HH/35, £20.86 
MOULD-06, £11.00 
MOULD-179, £11.00 
MOULD-181, £11.00 
MOULD-180, £11.00 
MOULD-182, £11.00 
MOULD-147B, £11.00 
MOULD-101, £11.00 
MOULD-102, £11.00 
MOULD-102SB, £11.00 
MOULD-103X, £11.00 
MOULD-104SB, £11.00 
MOULD-106, £11.00 
MOULD-107, £11.00 
MOULD-108, £11.00 
MOULD-109, £11.00 
MOULD-110, £11.00 
MOULD-113, £11.00 
MOULD-113SB, £11.00 
MOULD-114, £11.00 
MOULD-114SB, £11.00 
MOULD-115X, £11.00 
MOULD-117SB, £11.00 
MOULD-118, £11.00 
MOULD-118SB, £11.00 
MOULD-119SB, £11.00 
MOULD-120SB, £11.00 
MOULD-121SB, £11.00 
MOULD-122-SX, £11.00 
MOULD-123, £11.00 
MOULD-123-SX, £11.00 
MOULD-124, £11.00 
MOULD-124-SX, £11.00 
MOULD-125X, £11.00 
MOULD-126X, £11.00 
MOULD-127X, £11.00 
MOULD-129, £11.00 
MOULD-130, £11.00 
MOULD-137, £11.00 
MOULD-138SB, £11.00 
MOULD-139, £11.00 
MOULD-140X, £11.00 
MOULD-141X, £11.00 
MOULD-143, £11.00 
MOULD-145, £11.00 
MOULD-158BLK, £11.00 
MOULD-161, £11.00 
MOULD-162, £11.00 
MOULD-163, £11.00 
MOULD-164, £11.00 
MOULD-164-25MM, £11.00 
MOULD-164-DM, £11.00 
MOULD-174, £11.00 
MOULD-72, £11.00 
MOULD-72XH&H, £11.00 
MOULD-144, £11.00 
MOULD-157, £11.00 
MOULD-156, £11.00 
MOULD-111, £11.00 
MOULD-105, £11.00 
MOULD-158, £11.00 
MOULD-112, £11.00 
MOULD-160, £11.00 
MOULD-88, £11.00 
MOULD-155, £11.00 
MOULD-159, £11.00 
MOULD-64, £11.00 
MOULD-66, £11.00 
MOULD-65, £11.00 
MOULD-185, £11.00 
MOULD-187, £11.00 
MOULD-40, £11.00 
MOULD-82, £11.00 
MOULD-86, £11.00 
MOULD-89, £11.00 
MOULD-90, £11.00 
MOULD-91, £11.00 
MOULD-92, £11.00 
MOULD-93, £11.00 
MOULD-48B, £11.00 
MOULD-49B, £11.00 
MOULD-50B, £11.00 
MOULD-57B, £11.00 
MOULD-58B, £11.00 
MOULD-41, £11.00 
MOULD-10A, £11.00 
MOULD-15, £11.00 
MOULD-51, £11.00 
MOULD-59, £11.00 
MOULD-76, £11.00 
MOULD-10, £11.00 
MOULD-47, £11.00 
MOULD-32, £11.00 
MOULD-30, £11.00 
MOULD-44, £11.00 
MOULD-45, £11.00 
MOULD-46, £11.00 
MOULD-50, £11.00 
MOULD-57, £11.00 
MOULD-58, £11.00 
MOULD-71, £11.00 
MOULD-73, £11.00 
MOULD-75, £11.00 
MOULD-77, £11.00 
MOULD-78, £11.00 
MOULD-132, £11.00 
MOULD-16, £11.00 
MOULD-17, £11.00 
MOULD-27, £11.00 
MOULD-28, £11.00 
MOULD-29, £11.00 
MOULD-48, £11.00 
MOULD-49, £11.00 
MOULD-52, £11.00 
MOULD-53, £11.00 
MOULD-54, £11.00 
MOULD-09, £11.00 
MOULD-13, £11.00 
MOULD--08, £11.00 
MOULD-18, £11.00 
MOULD-12, £11.00 
